movieId,avg_rating,num_ratings
92475,5.0,3
121374,5.0,3
6981,4.833333333333333,3
61406,4.833333333333333,3
147124,4.833333333333333,3
147250,4.833333333333333,3
163112,4.833333333333333,3
86892,4.8,5
2745,4.75,4
6985,4.75,4
26131,4.75,4
3089,4.681818181818182,11
85774,4.666666666666667,6
157,4.666666666666667,3
2551,4.666666666666667,3
8228,4.666666666666667,3
26974,4.666666666666667,3
27020,4.666666666666667,3
56715,4.666666666666667,3
79720,4.666666666666667,3
101260,4.666666666666667,3
113250,4.666666666666667,3
126090,4.666666666666667,3
154358,4.666666666666667,3
160289,4.666666666666667,3
103984,4.625,8
306,4.625,4
1125,4.625,4
3201,4.625,4
170705,4.603448275862069,29
501,4.6,5
1300,4.6,5
96606,4.6,5
1217,4.571428571428571,7
171495,4.545454545454546,11
26326,4.5,11
2423,4.5,8
1223,4.5,7
172577,4.5,6
2859,4.5,5
2966,4.5,5
5008,4.5,5
140265,4.5,5
182723,4.5,5
950,4.5,4
3196,4.5,4
27518,4.5,4
27815,4.5,4
38159,4.5,4
44225,4.5,4
101850,4.5,4
136447,4.5,4
952,4.5,3
1280,4.5,3
3786,4.5,3
8951,4.5,3
25755,4.5,3
39381,4.5,3
58490,4.5,3
83803,4.5,3
84775,4.5,3
84952,4.5,3
103639,4.5,3
105211,4.5,3
116951,4.5,3
138835,4.5,3
170961,4.5,3
203375,4.5,3
8638,4.464285714285714,14
6643,4.444444444444445,9
27156,4.4375,8
171011,4.428571428571429,14
26082,4.428571428571429,7
131724,4.428571428571429,7
148881,4.428571428571429,7
101962,4.423076923076923,13
142115,4.416666666666667,18
6214,4.416666666666667,6
167392,4.416666666666667,6
181671,4.416666666666667,6
194696,4.416666666666667,6
1212,4.403846153846154,26
159817,4.402777777777778,36
3000,4.4,65
2318,4.4,10
308,4.4,5
2863,4.4,5
3095,4.4,5
65188,4.4,5
170777,4.4,5
166291,4.388888888888889,9
5690,4.386363636363637,22
27728,4.384615384615385,13
159195,4.375,8
1254,4.375,4
1757,4.375,4
2361,4.375,4
3074,4.375,4
3104,4.375,4
4334,4.375,4
25793,4.375,4
71304,4.375,4
75341,4.375,4
81639,4.375,4
89896,4.375,4
106870,4.375,4
133195,4.375,4
143511,4.375,4
196067,4.375,4
3307,4.366666666666666,15
5618,4.358823529411764,170
246,4.357142857142857,7
5120,4.357142857142857,7
85179,4.357142857142857,7
178613,4.357142857142857,7
175981,4.35,10
27904,4.3478260869565215,23
318,4.334967320261438,306
114554,4.333333333333333,9
116161,4.333333333333333,9
178827,4.333333333333333,9
179173,4.333333333333333,9
1248,4.333333333333333,6
2068,4.333333333333333,6
183423,4.333333333333333,6
189873,4.333333333333333,6
197883,4.333333333333333,6
535,4.333333333333333,3
2290,4.333333333333333,3
2922,4.333333333333333,3
3396,4.333333333333333,3
3723,4.333333333333333,3
5508,4.333333333333333,3
6331,4.333333333333333,3
6611,4.333333333333333,3
7034,4.333333333333333,3
8362,4.333333333333333,3
35347,4.333333333333333,3
37857,4.333333333333333,3
43376,4.333333333333333,3
50685,4.333333333333333,3
60293,4.333333333333333,3
91886,4.333333333333333,3
92243,4.333333333333333,3
140106,4.333333333333333,3
167792,4.333333333333333,3
168218,4.333333333333333,3
171647,4.333333333333333,3
174489,4.333333333333333,3
179811,4.333333333333333,3
205399,4.333333333333333,3
207405,4.333333333333333,3
74553,4.318181818181818,11
89759,4.318181818181818,11
179135,4.318181818181818,11
1203,4.3125,72
2019,4.3108108108108105,37
176601,4.309523809523809,21
70599,4.3076923076923075,13
5291,4.305555555555555,18
858,4.302631578947368,190
53123,4.3,10
185927,4.3,10
5021,4.3,5
52042,4.3,5
53887,4.3,5
111235,4.3,5
120807,4.3,5
134849,4.3,5
157361,4.3,5
163072,4.3,5
1232,4.294117647058823,17
62511,4.2894736842105265,19
215,4.285714285714286,21
1292,4.285714285714286,7
307,4.277777777777778,9
3030,4.277777777777778,9
3503,4.277777777777778,9
1952,4.2727272727272725,11
5971,4.267441860465116,43
1261,4.266666666666667,15
3504,4.2631578947368425,19
5902,4.261363636363637,44
79132,4.260252365930599,317
904,4.259615384615385,52
296,4.253521126760563,213
58559,4.25,260
7099,4.25,36
170355,4.25,30
1276,4.25,22
191997,4.25,14
73881,4.25,12
909,4.25,8
2413,4.25,8
85342,4.25,8
930,4.25,6
6618,4.25,6
37731,4.25,6
81132,4.25,6
118896,4.25,6
171749,4.25,6
507,4.25,4
2090,4.25,4
2973,4.25,4
3306,4.25,4
3932,4.25,4
4255,4.25,4
4546,4.25,4
4958,4.25,4
5825,4.25,4
6783,4.25,4
7700,4.25,4
7766,4.25,4
8607,4.25,4
43921,4.25,4
46855,4.25,4
65133,4.25,4
66371,4.25,4
100106,4.25,4
160573,4.25,4
175585,4.25,4
1213,4.248175182481752,137
1193,4.242718446601942,103
1266,4.241935483870968,31
923,4.239130434782608,46
1732,4.236111111111111,144
31364,4.235294117647059,17
1219,4.233333333333333,60
2313,4.230769230769231,13
123,4.2272727272727275,11
928,4.2272727272727275,11
188207,4.2272727272727275,11
31658,4.226190476190476,84
55721,4.222222222222222,9
2329,4.220338983050848,118
2571,4.214285714285714,301
541,4.214285714285714,119
1199,4.214285714285714,42
1204,4.214285714285714,21
6774,4.214285714285714,14
1084,4.214285714285714,7
2145,4.214285714285714,7
164949,4.214285714285714,7
953,4.208333333333333,24
163809,4.205882352941177,17
1221,4.205128205128205,117
926,4.2,10
2728,4.2,10
4327,4.2,10
7001,4.2,5
31309,4.2,5
67997,4.2,5
126430,4.2,5
137337,4.2,5
186311,4.2,5
1704,4.196875,160
527,4.196808510638298,188
27773,4.196808510638298,94
4011,4.1947368421052635,95
508,4.190476190476191,21
52885,4.189655172413793,29
48780,4.1875,144
16,4.1875,32
1172,4.1875,8
3083,4.1875,8
8014,4.1875,8
26150,4.1875,8
4993,4.185546875,256
1228,4.184210526315789,19
911,4.181818181818182,11
112552,4.176923076923077,130
2959,4.171328671328672,286
2916,4.170454545454546,44
2288,4.169354838709677,62
127202,4.166666666666667,18
1233,4.166666666666667,15
3980,4.166666666666667,9
5066,4.166666666666667,9
412,4.166666666666667,6
428,4.166666666666667,6
954,4.166666666666667,6
2360,4.166666666666667,6
2644,4.166666666666667,6
3468,4.166666666666667,6
5146,4.166666666666667,6
8197,4.166666666666667,6
84844,4.166666666666667,6
136469,4.166666666666667,6
159819,4.166666666666667,6
407,4.166666666666667,3
668,4.166666666666667,3
898,4.166666666666667,3
1449,4.166666666666667,3
1753,4.166666666666667,3
1858,4.166666666666667,3
2372,4.166666666666667,3
2488,4.166666666666667,3
3494,4.166666666666667,3
3645,4.166666666666667,3
4047,4.166666666666667,3
4214,4.166666666666667,3
4833,4.166666666666667,3
5017,4.166666666666667,3
5628,4.166666666666667,3
6609,4.166666666666667,3
7121,4.166666666666667,3
7815,4.166666666666667,3
8670,4.166666666666667,3
27563,4.166666666666667,3
32452,4.166666666666667,3
33154,4.166666666666667,3
36056,4.166666666666667,3
52666,4.166666666666667,3
54881,4.166666666666667,3
57502,4.166666666666667,3
59333,4.166666666666667,3
60487,4.166666666666667,3
64116,4.166666666666667,3
69394,4.166666666666667,3
69604,4.166666666666667,3
71438,4.166666666666667,3
81158,4.166666666666667,3
82143,4.166666666666667,3
92681,4.166666666666667,3
93988,4.166666666666667,3
94126,4.166666666666667,3
94799,4.166666666666667,3
97701,4.166666666666667,3
97984,4.166666666666667,3
100611,4.166666666666667,3
103107,4.166666666666667,3
105869,4.166666666666667,3
106889,4.166666666666667,3
116136,4.166666666666667,3
135885,4.166666666666667,3
136495,4.166666666666667,3
141544,4.166666666666667,3
153959,4.166666666666667,3
169252,4.166666666666667,3
172587,4.166666666666667,3
183197,4.166666666666667,3
183227,4.166666666666667,3
184637,4.166666666666667,3
190743,4.166666666666667,3
193041,4.166666666666667,3
199113,4.166666666666667,3
200842,4.166666666666667,3
201654,4.166666666666667,3
750,4.165,100
48516,4.163265306122449,147
163134,4.16,25
4226,4.158291457286432,199
608,4.15625,112
55280,4.15625,16
1252,4.155555555555556,45
293,4.15530303030303,132
2730,4.153846153846154,13
90057,4.153846153846154,13
7153,4.151063829787234,235
109487,4.150826446280992,242
1175,4.15,10
1283,4.15,10
2648,4.15,10
44694,4.15,10
1089,4.149305555555555,144
2542,4.149122807017544,57
778,4.148809523809524,84
1214,4.144230769230769,104
5995,4.142857142857143,70
96829,4.142857142857143,28
714,4.142857142857143,14
8958,4.142857142857143,14
2579,4.142857142857143,7
6993,4.142857142857143,7
96488,4.142857142857143,7
157318,4.142857142857143,7
166788,4.142857142857143,7
195159,4.140816326530612,245
177651,4.14,25
903,4.137254901960785,51
6350,4.136363636363637,44
3629,4.136363636363637,11
3869,4.136363636363637,11
26662,4.134146341463414,41
3462,4.133333333333334,15
169906,4.133333333333334,15
3147,4.132142857142857,140
106920,4.1299212598425195,127
1222,4.128865979381444,97
202439,4.128205128205129,39
50,4.126436781609195,174
150,4.125,76
158783,4.125,20
2176,4.125,12
3328,4.125,12
86781,4.125,12
93721,4.125,12
3006,4.125,8
3022,4.125,8
26555,4.125,8
2921,4.125,4
2970,4.125,4
4183,4.125,4
4626,4.125,4
5056,4.125,4
5165,4.125,4
5477,4.125,4
7669,4.125,4
25750,4.125,4
26052,4.125,4
26133,4.125,4
36363,4.125,4
55245,4.125,4
61236,4.125,4
72171,4.125,4
115667,4.125,4
115680,4.125,4
120130,4.125,4
134796,4.125,4
159827,4.125,4
174487,4.125,4
175813,4.125,4
195931,4.125,4
201444,4.125,4
908,4.121951219512195,41
1258,4.1213235294117645,136
198185,4.12,25
593,4.118604651162791,215
6283,4.115384615384615,13
95654,4.115384615384615,13
1225,4.1125,40
97,4.111111111111111,9
26903,4.111111111111111,9
103372,4.111111111111111,9
115569,4.107476635514018,107
1201,4.107142857142857,70
1178,4.105263157894737,19
1136,4.100840336134453,119
161582,4.1,35
3911,4.1,25
3917,4.1,10
1269,4.1,5
4649,4.1,5
4681,4.1,5
5339,4.1,5
6748,4.1,5
7089,4.1,5
8405,4.1,5
30803,4.1,5
33145,4.1,5
97866,4.1,5
140737,4.1,5
74458,4.099431818181818,176
1197,4.095041322314049,121
111,4.095,100
3681,4.092592592592593,27
148626,4.091397849462366,93
193449,4.088235294117647,17
1237,4.086956521739131,23
31410,4.086956521739131,23
134130,4.086294416243655,197
89774,4.083333333333333,18
3730,4.083333333333333,12
4007,4.083333333333333,12
77307,4.083333333333333,12
3101,4.083333333333333,6
5060,4.083333333333333,6
5269,4.083333333333333,6
6650,4.083333333333333,6
6857,4.083333333333333,6
7926,4.083333333333333,6
50954,4.083333333333333,6
55444,4.083333333333333,6
57183,4.083333333333333,6
141749,4.083333333333333,6
167544,4.083333333333333,6
168344,4.083333333333333,6
109374,4.0813953488372094,129
44555,4.08,50
104944,4.078947368421052,19
116897,4.078947368421052,19
68157,4.074468085106383,188
6016,4.072916666666667,96
47,4.071428571428571,168
364,4.071428571428571,98
55908,4.071428571428571,21
1272,4.071428571428571,7
136449,4.071428571428571,7
106766,4.068181818181818,22
104913,4.0675675675675675,37
924,4.066666666666666,90
1961,4.066666666666666,60
57504,4.066666666666666,15
166024,4.064516129032258,31
55820,4.063291139240507,158
1270,4.0625,144
1209,4.0625,24
2048,4.0625,8
7013,4.0625,8
182637,4.0625,8
113741,4.0588235294117645,17
122916,4.057788944723618,199
1206,4.057471264367816,87
104879,4.057377049180328,61
30749,4.056818181818182,44
1617,4.055555555555555,54
149334,4.055555555555555,36
2731,4.055555555555555,18
3105,4.055555555555555,9
27803,4.055555555555555,9
589,4.054166666666666,120
2302,4.052631578947368,19
2324,4.050724637681159,69
431,4.05,10
2993,4.05,10
8604,4.05,10
98491,4.048387096774194,31
142488,4.047169811320755,53
1245,4.045454545454546,11
6440,4.045454545454546,11
101525,4.045454545454546,11
104272,4.045454545454546,11
118700,4.045454545454546,11
260,4.045258620689655,232
1682,4.043918918918919,148
922,4.041666666666667,24
1086,4.041666666666667,12
105355,4.041666666666667,12
68237,4.040404040404041,99
32,4.038888888888889,90
1262,4.038461538461538,13
3435,4.038461538461538,13
64993,4.038461538461538,13
111384,4.038461538461538,13
356,4.036585365853658,205
1291,4.036082474226804,97
166643,4.035087719298246,57
202429,4.033898305084746,59
89492,4.032786885245901,61
90376,4.03125,16
1274,4.029411764705882,34
177765,4.023584905660377,106
590,4.021739130434782,23
178061,4.021739130434782,23
115149,4.019607843137255,102
1198,4.019444444444445,180
4963,4.018518518518518,135
3039,4.018518518518518,27
6807,4.018518518518518,27
1196,4.018134715025907,193
5952,4.01417004048583,247
54259,4.013888888888889,36
2761,4.0131578947368425,38
3578,4.011764705882353,170
5989,4.011695906432749,171
1584,4.010416666666667,48
60069,4.005434782608695,184
7361,4.002923976608187,171
7438,4.0,131
176371,4.0,94
204698,4.0,75
2268,4.0,47
140174,4.0,34
741,4.0,33
2194,4.0,22
333,4.0,20
474,4.0,20
4553,4.0,17
55052,4.0,17
197879,4.0,16
7327,4.0,14
107069,4.0,13
106441,4.0,12
368,4.0,11
39292,4.0,11
110501,4.0,10
1202,4.0,9
4023,4.0,9
60766,4.0,9
1227,4.0,8
3075,4.0,8
48082,4.0,8
87234,4.0,8
167018,4.0,8
2932,4.0,7
6530,4.0,7
6724,4.0,7
41571,4.0,7
188829,4.0,7
531,4.0,6
2116,4.0,6
2872,4.0,6
3091,4.0,6
7324,4.0,6
138208,4.0,6
188675,4.0,6
200110,4.0,6
1305,4.0,5
2427,4.0,5
3097,4.0,5
3246,4.0,5
5373,4.0,5
6660,4.0,5
7072,4.0,5
7982,4.0,5
8507,4.0,5
27266,4.0,5
64695,4.0,5
101070,4.0,5
101360,4.0,5
108977,4.0,5
127198,4.0,5
130508,4.0,5
138210,4.0,5
141890,4.0,5
145150,4.0,5
165937,4.0,5
201340,4.0,5
1037,4.0,4
1279,4.0,4
2138,4.0,4
2843,4.0,4
3364,4.0,4
3550,4.0,4
3742,4.0,4
5300,4.0,4
5712,4.0,4
26094,4.0,4
38095,4.0,4
54281,4.0,4
55069,4.0,4
60408,4.0,4
63222,4.0,4
71282,4.0,4
79798,4.0,4
81417,4.0,4
127052,4.0,4
193175,4.0,4
202237,4.0,4
203160,4.0,4
313,4.0,3
665,4.0,3
1132,4.0,3
1411,4.0,3
1900,4.0,3
1953,4.0,3
1956,4.0,3
2495,4.0,3
2924,4.0,3
3067,4.0,3
3594,4.0,3
3677,4.0,3
3964,4.0,3
3972,4.0,3
5159,4.0,3
5319,4.0,3
5602,4.0,3
5794,4.0,3
6251,4.0,3
6920,4.0,3
7061,4.0,3
7836,4.0,3
8491,4.0,3
25769,4.0,3
25941,4.0,3
26713,4.0,3
40033,4.0,3
47394,4.0,3
54910,4.0,3
77846,4.0,3
88108,4.0,3
90947,4.0,3
91488,4.0,3
98956,4.0,3
108981,4.0,3
116807,4.0,3
121169,4.0,3
151759,4.0,3
167546,4.0,3
174703,4.0,3
174815,4.0,3
175149,4.0,3
195315,4.0,3
195485,4.0,3
197763,4.0,3
200054,4.0,3
164179,3.9972677595628414,183
1200,3.994186046511628,86
122912,3.993478260869565,230
116797,3.98993288590604,149
91529,3.9894736842105263,190
2762,3.98728813559322,118
1288,3.986842105263158,38
177593,3.9863013698630136,73
1,3.9816176470588234,136
2502,3.980769230769231,52
55269,3.980769230769231,26
1240,3.98,100
2011,3.9794520547945207,73
3499,3.9791666666666665,24
98961,3.9767441860465116,43
2396,3.973684210526316,38
2403,3.973684210526316,19
1210,3.9727891156462585,147
1610,3.9714285714285715,35
44199,3.9711538461538463,52
4144,3.9705882352941178,17
56782,3.9702380952380953,84
5064,3.9696969696969697,33
111759,3.9693877551020407,147
68954,3.9693251533742333,163
441,3.96875,16
6001,3.96875,16
168250,3.9684684684684686,111
112852,3.9668367346938775,196
26776,3.966666666666667,15
66934,3.966666666666667,15
80489,3.9655172413793105,29
115713,3.9642857142857144,168
337,3.9642857142857144,14
1281,3.9642857142857144,14
25,3.9615384615384617,13
1129,3.9615384615384617,13
1080,3.9607843137254903,51
112556,3.9596774193548385,124
44191,3.9594594594594597,148
1527,3.9594594594594597,111
4995,3.9583333333333335,144
193950,3.9583333333333335,72
1208,3.957317073170732,82
3949,3.9572649572649574,117
93838,3.9571428571428573,35
48774,3.9565217391304346,92
2858,3.956081081081081,148
2028,3.9554140127388533,157
105844,3.9545454545454546,55
181315,3.9545454545454546,22
837,3.9545454545454546,11
139855,3.9545454545454546,11
49272,3.9516129032258065,124
4027,3.950617283950617,81
156387,3.95,20
2729,3.95,10
3735,3.95,10
80693,3.95,10
128620,3.95,10
155509,3.95,10
51255,3.9488188976377954,127
117176,3.9479166666666665,48
162082,3.9473684210526314,19
34405,3.9456521739130435,46
4262,3.9452054794520546,73
2005,3.9444444444444446,45
1220,3.9444444444444446,36
104283,3.9444444444444446,18
5992,3.9444444444444446,9
102993,3.9444444444444446,9
168608,3.9444444444444446,9
30810,3.9431818181818183,44
223,3.941860465116279,43
3160,3.9411764705882355,34
166946,3.94,25
67255,3.938775510204082,49
31878,3.9375,16
915,3.9375,8
1284,3.9375,8
1965,3.9375,8
4754,3.9375,8
5103,3.9375,8
6731,3.9375,8
7587,3.9375,8
72356,3.9375,8
117881,3.9375,8
140247,3.9375,8
912,3.9365079365079363,63
48394,3.93609022556391,133
88129,3.935185185185185,108
1244,3.9347826086956523,23
480,3.933628318584071,113
1259,3.933333333333333,45
3362,3.933333333333333,15
1278,3.9318181818181817,22
1307,3.9313725490196076,51
1028,3.9285714285714284,28
4641,3.9285714285714284,14
6979,3.9285714285714284,14
3018,3.9285714285714284,7
68159,3.9285714285714284,7
91978,3.9285714285714284,7
117466,3.9285714285714284,7
158972,3.9285714285714284,7
166558,3.9285714285714284,7
733,3.926829268292683,41
141866,3.925,20
190555,3.9239130434782608,46
4886,3.9237288135593222,177
200332,3.923076923076923,26
2455,3.9210526315789473,38
91630,3.9166666666666665,60
1954,3.9166666666666665,42
5956,3.9166666666666665,42
1466,3.9166666666666665,24
194664,3.9166666666666665,24
71033,3.9166666666666665,12
475,3.9166666666666665,6
905,3.9166666666666665,6
1260,3.9166666666666665,6
1672,3.9166666666666665,6
1916,3.9166666666666665,6
2183,3.9166666666666665,6
2952,3.9166666666666665,6
3088,3.9166666666666665,6
6301,3.9166666666666665,6
6536,3.9166666666666665,6
6818,3.9166666666666665,6
53460,3.9166666666666665,6
65642,3.9166666666666665,6
72720,3.9166666666666665,6
102666,3.9166666666666665,6
105197,3.9166666666666665,6
127152,3.9166666666666665,6
160718,3.9166666666666665,6
199476,3.9166666666666665,6
200200,3.9166666666666665,6
204878,3.9166666666666665,6
122882,3.916,125
3535,3.914285714285714,70
4848,3.9130434782608696,69
1234,3.9130434782608696,23
59387,3.911764705882353,17
1246,3.91025641025641,78
2109,3.909090909090909,11
180587,3.909090909090909,11
47099,3.907142857142857,70
588,3.90625,64
161,3.90625,16
3210,3.90625,16
3418,3.90625,16
99114,3.9061032863849765,213
83132,3.9047619047619047,21
8368,3.904255319148936,141
2572,3.9038461538461537,26
72226,3.903225806451613,62
2081,3.9,35
44665,3.9,35
180265,3.9,15
553,3.9,10
8873,3.9,10
192109,3.9,10
1013,3.9,5
2132,3.9,5
2401,3.9,5
3007,3.9,5
3040,3.9,5
5062,3.9,5
7071,3.9,5
7132,3.9,5
7206,3.9,5
26242,3.9,5
26947,3.9,5
27834,3.9,5
27846,3.9,5
79242,3.9,5
100044,3.9,5
100527,3.9,5
103624,3.9,5
116411,3.9,5
117438,3.9,5
127114,3.9,5
152372,3.9,5
159849,3.9,5
165961,3.9,5
70286,3.8993288590604025,149
92259,3.8978494623655915,93
6,3.8974358974358974,39
5444,3.8970588235294117,34
5418,3.8967741935483873,155
122904,3.8961748633879782,183
88125,3.8958333333333335,120
913,3.8958333333333335,24
30707,3.8955223880597014,67
914,3.8947368421052633,19
58047,3.8947368421052633,19
1653,3.8934426229508197,61
3897,3.892857142857143,56
77455,3.892857142857143,14
111622,3.892857142857143,14
81834,3.892361111111111,144
55118,3.888888888888889,36
3508,3.888888888888889,9
145839,3.888888888888889,9
167036,3.888888888888889,9
106782,3.8878504672897196,214
899,3.8863636363636362,22
122914,3.8858921161825726,241
2997,3.8852459016393444,61
140110,3.8846153846153846,26
555,3.8846153846153846,13
1148,3.8823529411764706,17
122918,3.8814814814814813,135
4878,3.880952380952381,147
194448,3.880503144654088,159
1645,3.88,25
140267,3.8793103448275863,29
122920,3.877450980392157,102
4973,3.8774193548387097,155
88810,3.8771929824561404,57
134853,3.8758620689655174,145
71838,3.875,24
2951,3.875,20
160954,3.875,12
62,3.875,8
1015,3.875,8
2208,3.875,8
2366,3.875,8
5791,3.875,8
6213,3.875,8
6713,3.875,8
34542,3.875,8
55872,3.875,8
56788,3.875,8
58347,3.875,8
85438,3.875,8
189475,3.875,8
36,3.875,4
58,3.875,4
168,3.875,4
300,3.875,4
932,3.875,4
936,3.875,4
1060,3.875,4
1218,3.875,4
2089,3.875,4
2391,3.875,4
2739,3.875,4
2942,3.875,4
3224,3.875,4
4509,3.875,4
4866,3.875,4
5105,3.875,4
5888,3.875,4
6062,3.875,4
6686,3.875,4
7055,3.875,4
66509,3.875,4
110407,3.875,4
110461,3.875,4
114028,3.875,4
114246,3.875,4
120625,3.875,4
139747,3.875,4
145064,3.875,4
169218,3.875,4
2918,3.873134328358209,67
152077,3.872549019607843,51
69757,3.8716216216216215,74
57669,3.8707865168539324,89
4720,3.87,50
65514,3.8684210526315788,19
8874,3.868,125
189713,3.8679245283018866,53
76093,3.8672566371681416,113
1374,3.8666666666666667,30
2947,3.8653846153846154,26
112171,3.8636363636363638,33
143657,3.8636363636363638,22
1251,3.8636363636363638,11
4019,3.8636363636363638,11
4823,3.8636363636363638,11
6787,3.8636363636363638,11
133645,3.8636363636363638,11
189885,3.8636363636363638,11
195167,3.8636363636363638,11
198147,3.8636363636363638,11
1207,3.8620689655172415,29
1968,3.8615384615384616,65
183837,3.858490566037736,106
167832,3.857142857142857,21
180095,3.857142857142857,14
350,3.857142857142857,7
1104,3.857142857142857,7
2908,3.857142857142857,7
58103,3.857142857142857,7
62644,3.857142857142857,7
104863,3.857142857142857,7
157200,3.857142857142857,7
167380,3.857142857142857,7
33794,3.8563218390804597,174
1907,3.855769230769231,52
1230,3.8513513513513513,37
162414,3.8513513513513513,37
93840,3.85,50
3671,3.85,30
2297,3.85,10
2672,3.85,10
8937,3.85,10
173197,3.85,10
54286,3.8486238532110093,109
1247,3.8484848484848486,33
79357,3.847826086956522,23
165551,3.8461538461538463,13
193599,3.8461538461538463,13
94959,3.842857142857143,70
2716,3.8424657534246576,73
1580,3.841463414634146,82
51540,3.840909090909091,88
1090,3.840909090909091,44
139644,3.84,75
6502,3.8389830508474576,59
6874,3.838709677419355,155
188773,3.838709677419355,31
38061,3.838235294117647,34
112290,3.838235294117647,34
134368,3.838235294117647,34
44195,3.8372093023255816,43
69844,3.8361344537815127,119
1997,3.8333333333333335,36
1394,3.8333333333333335,33
175569,3.8333333333333335,33
65261,3.8333333333333335,27
4105,3.8333333333333335,21
48304,3.8333333333333335,21
1215,3.8333333333333335,18
3020,3.8333333333333335,12
3186,3.8333333333333335,12
7371,3.8333333333333335,12
101,3.8333333333333335,9
3910,3.8333333333333335,9
5108,3.8333333333333335,9
5957,3.8333333333333335,9
7759,3.8333333333333335,9
65130,3.8333333333333335,9
1892,3.8333333333333335,6
1962,3.8333333333333335,6
2763,3.8333333333333335,6
4552,3.8333333333333335,6
5047,3.8333333333333335,6
7934,3.8333333333333335,6
8253,3.8333333333333335,6
32460,3.8333333333333335,6
52694,3.8333333333333335,6
99764,3.8333333333333335,6
190,3.8333333333333335,3
326,3.8333333333333335,3
719,3.8333333333333335,3
1057,3.8333333333333335,3
1131,3.8333333333333335,3
1185,3.8333333333333335,3
1211,3.8333333333333335,3
1257,3.8333333333333335,3
1927,3.8333333333333335,3
1971,3.8333333333333335,3
2117,3.8333333333333335,3
2202,3.8333333333333335,3
2624,3.8333333333333335,3
2929,3.8333333333333335,3
3260,3.8333333333333335,3
3819,3.8333333333333335,3
3992,3.8333333333333335,3
4037,3.8333333333333335,3
4082,3.8333333333333335,3
4406,3.8333333333333335,3
4523,3.8333333333333335,3
4620,3.8333333333333335,3
4640,3.8333333333333335,3
6305,3.8333333333333335,3
6755,3.8333333333333335,3
7492,3.8333333333333335,3
7646,3.8333333333333335,3
8033,3.8333333333333335,3
8264,3.8333333333333335,3
8332,3.8333333333333335,3
8973,3.8333333333333335,3
25741,3.8333333333333335,3
25927,3.8333333333333335,3
26258,3.8333333333333335,3
27772,3.8333333333333335,3
32792,3.8333333333333335,3
33683,3.8333333333333335,3
34063,3.8333333333333335,3
37853,3.8333333333333335,3
38992,3.8333333333333335,3
44587,3.8333333333333335,3
51091,3.8333333333333335,3
51471,3.8333333333333335,3
71108,3.8333333333333335,3
73344,3.8333333333333335,3
76091,3.8333333333333335,3
86057,3.8333333333333335,3
87660,3.8333333333333335,3
89582,3.8333333333333335,3
89900,3.8333333333333335,3
91888,3.8333333333333335,3
95761,3.8333333333333335,3
98373,3.8333333333333335,3
99968,3.8333333333333335,3
103801,3.8333333333333335,3
106438,3.8333333333333335,3
107130,3.8333333333333335,3
108078,3.8333333333333335,3
127319,3.8333333333333335,3
135456,3.8333333333333335,3
142999,3.8333333333333335,3
156944,3.8333333333333335,3
159917,3.8333333333333335,3
165087,3.8333333333333335,3
168712,3.8333333333333335,3
169954,3.8333333333333335,3
170947,3.8333333333333335,3
179137,3.8333333333333335,3
179495,3.8333333333333335,3
182783,3.8333333333333335,3
185987,3.8333333333333335,3
188757,3.8333333333333335,3
189195,3.8333333333333335,3
191495,3.8333333333333335,3
195303,3.8333333333333335,3
1265,3.831932773109244,119
86882,3.830508474576271,59
8665,3.8292682926829267,82
61240,3.8285714285714287,35
8961,3.828402366863905,169
3253,3.828125,32
457,3.8278688524590163,61
152970,3.8260869565217392,23
3916,3.825,40
1304,3.825,20
48738,3.825,20
551,3.824324324324324,37
3275,3.823529411764706,34
1688,3.823529411764706,17
184997,3.823529411764706,17
253,3.8225806451612905,31
187717,3.8225806451612905,31
104374,3.8220338983050848,59
158238,3.8220338983050848,59
902,3.8214285714285716,14
1955,3.8214285714285716,14
1884,3.8205128205128207,39
39183,3.8205128205128207,39
54001,3.8201754385964914,114
122926,3.8186274509803924,102
910,3.8181818181818183,22
81932,3.8181818181818183,22
3745,3.8181818181818183,11
78039,3.8181818181818183,11
194074,3.8181818181818183,11
1036,3.817757009345794,107
2791,3.8125,56
2692,3.8125,40
1263,3.8125,32
3740,3.8125,16
90439,3.8125,16
1597,3.8125,8
2139,3.8125,8
2485,3.8125,8
3072,3.8125,8
3310,3.8125,8
33669,3.8125,8
77800,3.8125,8
90576,3.8125,8
139642,3.8125,8
151113,3.8125,8
151455,3.8125,8
155288,3.8125,8
161580,3.8125,8
128360,3.811688311688312,77
53322,3.811111111111111,45
7147,3.8106060606060606,66
110,3.809917355371901,121
3481,3.8095238095238093,42
179119,3.8095238095238093,21
40629,3.8088235294117645,34
2160,3.8076923076923075,26
3471,3.806451612903226,31
54997,3.806451612903226,31
81845,3.8055555555555554,90
8798,3.8055555555555554,36
7323,3.8055555555555554,18
96821,3.8043478260869565,69
122922,3.8024193548387095,124
80549,3.8017241379310347,58
40819,3.8,35
3703,3.8,30
4002,3.8,20
174909,3.8,15
192383,3.8,15
1256,3.8,10
1293,3.8,10
28,3.8,5
1103,3.8,5
1128,3.8,5
1194,3.8,5
2501,3.8,5
4103,3.8,5
7706,3.8,5
8366,3.8,5
8910,3.8,5
26208,3.8,5
27674,3.8,5
42718,3.8,5
65418,3.8,5
80860,3.8,5
88672,3.8,5
91414,3.8,5
114670,3.8,5
127146,3.8,5
129514,3.8,5
143367,3.8,5
156607,3.8,5
47610,3.796875,64
3175,3.796875,32
187593,3.7964285714285713,140
1625,3.7962962962962963,54
119145,3.7954545454545454,110
4223,3.7954545454545454,22
6953,3.7954545454545454,22
7387,3.7954545454545454,22
2076,3.7941176470588234,34
235,3.7941176470588234,17
5147,3.7941176470588234,17
100714,3.7941176470588234,17
163645,3.792682926829268,41
2600,3.7916666666666665,12
2810,3.7916666666666665,12
4881,3.7916666666666665,12
37741,3.7916666666666665,12
55363,3.7916666666666665,12
90522,3.7916666666666665,12
176423,3.7916666666666665,12
81591,3.7905405405405403,74
138036,3.7903225806451615,31
162578,3.7903225806451615,31
92420,3.789473684210526,19
84152,3.7884615384615383,104
55290,3.7884615384615383,26
168248,3.7857142857142856,77
97913,3.7857142857142856,70
30812,3.7857142857142856,42
177689,3.7857142857142856,21
1339,3.7857142857142856,14
2010,3.7857142857142856,14
4519,3.7857142857142856,14
5954,3.7857142857142856,14
102800,3.7857142857142856,14
117887,3.7857142857142856,14
69,3.7857142857142856,7
599,3.7857142857142856,7
838,3.7857142857142856,7
1020,3.7857142857142856,7
6659,3.7857142857142856,7
8477,3.7857142857142856,7
33880,3.7857142857142856,7
47999,3.7857142857142856,7
73808,3.7857142857142856,7
94325,3.7857142857142856,7
103306,3.7857142857142856,7
2985,3.7837837837837838,37
3052,3.78125,32
161634,3.78125,16
189203,3.7803030303030303,66
78499,3.78,100
4979,3.7796610169491527,59
6711,3.778409090909091,88
27831,3.7777777777777777,27
1372,3.7777777777777777,9
2231,3.7777777777777777,9
36517,3.7777777777777777,9
78088,3.7777777777777777,9
86142,3.7777777777777777,9
176933,3.7777777777777777,9
189333,3.776923076923077,65
5010,3.7745098039215685,51
7451,3.7734375,64
82459,3.7734375,64
58803,3.772727272727273,33
1608,3.772727272727273,11
50872,3.7705479452054793,146
115617,3.769662921348315,89
805,3.769230769230769,13
2052,3.769230769230769,13
82667,3.769230769230769,13
152081,3.7683823529411766,136
58998,3.7666666666666666,75
2124,3.7666666666666666,15
2161,3.7666666666666666,15
97188,3.7666666666666666,15
174727,3.7666666666666666,15
176567,3.7666666666666666,15
69481,3.7661290322580645,62
586,3.765625,64
168252,3.7651006711409396,149
180045,3.763888888888889,36
3421,3.763157894736842,19
114935,3.761904761904762,42
106100,3.7615384615384615,65
7022,3.760869565217391,23
2529,3.76,25
180497,3.759259259259259,27
200306,3.759259259259259,27
97304,3.7586206896551726,58
168492,3.757575757575758,33
79702,3.752577319587629,97
49278,3.75,26
96728,3.75,26
2232,3.75,24
146656,3.75,20
152017,3.75,18
1464,3.75,16
41285,3.75,16
69134,3.75,16
108729,3.75,16
55814,3.75,14
74228,3.75,14
96281,3.75,14
4873,3.75,12
6708,3.75,12
43836,3.75,12
64622,3.75,12
88235,3.75,12
102194,3.75,12
3255,3.75,10
34532,3.75,10
70293,3.75,10
72733,3.75,10
112421,3.75,10
951,3.75,8
3476,3.75,8
5389,3.75,8
5500,3.75,8
5878,3.75,8
6753,3.75,8
6975,3.75,8
7044,3.75,8
50068,3.75,8
175,3.75,6
509,3.75,6
2114,3.75,6
2123,3.75,6
3365,3.75,6
3621,3.75,6
4623,3.75,6
26603,3.75,6
32898,3.75,6
52952,3.75,6
58301,3.75,6
72129,3.75,6
89118,3.75,6
118900,3.75,6
130840,3.75,6
170957,3.75,6
175277,3.75,6
63,3.75,4
160,3.75,4
390,3.75,4
1297,3.75,4
1299,3.75,4
1689,3.75,4
2596,3.75,4
2944,3.75,4
3415,3.75,4
4422,3.75,4
5489,3.75,4
6093,3.75,4
7256,3.75,4
7820,3.75,4
8125,3.75,4
8195,3.75,4
8338,3.75,4
26151,3.75,4
27721,3.75,4
27873,3.75,4
40614,3.75,4
45635,3.75,4
47491,3.75,4
49772,3.75,4
53468,3.75,4
62374,3.75,4
85796,3.75,4
92210,3.75,4
93740,3.75,4
104908,3.75,4
106841,3.75,4
113604,3.75,4
120478,3.75,4
151781,3.75,4
162738,3.75,4
170125,3.75,4
177871,3.75,4
184931,3.75,4
187023,3.75,4
189577,3.75,4
193906,3.75,4
206527,3.75,4
115210,3.7452830188679247,53
6870,3.7419354838709675,62
91542,3.7416666666666667,60
177615,3.740740740740741,54
96079,3.7401960784313726,102
3252,3.738095238095238,21
162606,3.736842105263158,38
1127,3.736111111111111,36
59369,3.735632183908046,87
64614,3.735294117647059,102
4239,3.735294117647059,34
103980,3.7333333333333334,15
4022,3.731958762886598,97
188189,3.731707317073171,41
108932,3.7314814814814814,54
2115,3.730769230769231,65
130073,3.730769230769231,13
98154,3.7291666666666665,24
59315,3.7283236994219653,173
3114,3.7279411764705883,68
182715,3.727272727272727,77
3552,3.727272727272727,22
3683,3.727272727272727,11
6669,3.727272727272727,11
47629,3.727272727272727,11
6377,3.7261904761904763,168
143385,3.7261904761904763,42
168326,3.725806451612903,31
1676,3.723404255319149,47
183897,3.723076923076923,65
101864,3.7222222222222223,54
783,3.7222222222222223,18
1748,3.7222222222222223,18
53956,3.7222222222222223,9
54190,3.7222222222222223,9
169670,3.7222222222222223,9
49530,3.720779220779221,77
5445,3.7203389830508473,118
2617,3.715686274509804,51
919,3.7155172413793105,58
5810,3.7142857142857144,49
3448,3.7142857142857144,21
5945,3.7142857142857144,14
1267,3.7142857142857144,7
51931,3.7142857142857144,7
113275,3.7142857142857144,7
159061,3.7142857142857144,7
164200,3.7142857142857144,7
165141,3.7142857142857144,7
193960,3.7142857142857144,7
8950,3.7127659574468086,47
4896,3.7125984251968505,127
46976,3.7125,40
96737,3.7125,40
115122,3.7115384615384617,52
201646,3.7115384615384617,26
105504,3.710526315789474,38
2340,3.710526315789474,19
4016,3.7093023255813953,43
88163,3.7083333333333335,48
27660,3.7083333333333335,24
471,3.7083333333333335,12
4914,3.7083333333333335,12
102033,3.7083333333333335,12
136562,3.7083333333333335,12
165549,3.706896551724138,29
2949,3.7058823529411766,17
5225,3.7058823529411766,17
7569,3.7058823529411766,17
7090,3.7045454545454546,22
32587,3.7039473684210527,76
7317,3.7037037037037037,27
3408,3.703125,32
2353,3.7,30
6323,3.7,30
51935,3.7,25
97923,3.7,25
104243,3.7,25
2409,3.7,15
57274,3.7,15
79553,3.7,15
189783,3.7,15
955,3.7,10
1500,3.7,10
5617,3.7,10
7063,3.7,10
68073,3.7,10
96655,3.7,10
111443,3.7,10
522,3.7,5
1603,3.7,5
1950,3.7,5
1960,3.7,5
2303,3.7,5
2474,3.7,5
2794,3.7,5
2879,3.7,5
2905,3.7,5
3159,3.7,5
3470,3.7,5
5446,3.7,5
6140,3.7,5
6666,3.7,5
7076,3.7,5
7123,3.7,5
8614,3.7,5
8633,3.7,5
32840,3.7,5
37475,3.7,5
42725,3.7,5
46967,3.7,5
47725,3.7,5
48696,3.7,5
81784,3.7,5
101088,3.7,5
113378,3.7,5
118702,3.7,5
169900,3.7,5
201242,3.7,5
202101,3.7,5
171763,3.698019801980198,101
173145,3.696969696969697,33
4776,3.6964285714285716,56
1729,3.6964285714285716,28
164909,3.696078431372549,51
197711,3.695945945945946,74
56587,3.6956521739130435,23
159415,3.6956521739130435,23
72011,3.6951219512195124,41
64034,3.6944444444444446,18
72737,3.6923076923076925,26
180,3.6923076923076925,13
485,3.6923076923076925,13
1250,3.6923076923076925,13
1674,3.6923076923076925,13
3809,3.6923076923076925,13
117444,3.6923076923076925,13
156726,3.6923076923076925,13
5673,3.6904761904761907,21
89745,3.6897590361445785,166
122886,3.6880341880341883,117
158966,3.6875,24
349,3.6875,16
148671,3.6875,16
162598,3.6875,16
45,3.6875,8
1186,3.6875,8
1271,3.6875,8
1396,3.6875,8
1747,3.6875,8
6242,3.6875,8
114762,3.6875,8
166568,3.6875,8
80463,3.6869565217391305,115
97306,3.6857142857142855,35
4855,3.685185185185185,27
1022,3.6842105263157894,19
71464,3.6842105263157894,19
176801,3.6842105263157894,19
380,3.683333333333333,30
1784,3.6818181818181817,55
1235,3.6818181818181817,11
2321,3.6818181818181817,11
53129,3.6818181818181817,11
73290,3.6818181818181817,11
74545,3.6818181818181817,11
103539,3.6818181818181817,11
127108,3.6818181818181817,11
102903,3.680722891566265,83
53000,3.6805555555555554,36
55247,3.6796875,64
183611,3.6785714285714284,56
83134,3.6785714285714284,42
49286,3.6785714285714284,28
86320,3.6785714285714284,28
40815,3.6777777777777776,135
165,3.6774193548387095,31
183869,3.6769230769230767,65
161131,3.676470588235294,17
2273,3.675675675675676,37
54503,3.674757281553398,103
920,3.6739130434782608,23
193147,3.6739130434782608,23
60684,3.672222222222222,90
6539,3.671195652173913,184
1387,3.6666666666666665,57
192379,3.6666666666666665,48
31685,3.6666666666666665,42
5464,3.6666666666666665,30
1345,3.6666666666666665,21
2018,3.6666666666666665,21
33660,3.6666666666666665,18
2871,3.6666666666666665,15
56339,3.6666666666666665,12
89039,3.6666666666666665,12
144482,3.6666666666666665,12
192045,3.6666666666666665,12
3741,3.6666666666666665,9
3801,3.6666666666666665,9
118898,3.6666666666666665,9
175199,3.6666666666666665,9
179221,3.6666666666666665,9
22,3.6666666666666665,6
671,3.6666666666666665,6
2150,3.6666666666666665,6
2594,3.6666666666666665,6
3107,3.6666666666666665,6
4361,3.6666666666666665,6
4662,3.6666666666666665,6
5049,3.6666666666666665,6
47423,3.6666666666666665,6
66198,3.6666666666666665,6
103606,3.6666666666666665,6
110611,3.6666666666666665,6
136542,3.6666666666666665,6
143476,3.6666666666666665,6
144606,3.6666666666666665,6
177239,3.6666666666666665,6
188305,3.6666666666666665,6
192319,3.6666666666666665,6
192381,3.6666666666666665,6
497,3.6666666666666665,3
704,3.6666666666666665,3
1191,3.6666666666666665,3
1192,3.6666666666666665,3
1249,3.6666666666666665,3
1277,3.6666666666666665,3
1295,3.6666666666666665,3
1635,3.6666666666666665,3
1809,3.6666666666666665,3
2243,3.6666666666666665,3
2352,3.6666666666666665,3
2747,3.6666666666666665,3
3169,3.6666666666666665,3
3213,3.6666666666666665,3
3265,3.6666666666666665,3
3361,3.6666666666666665,3
3477,3.6666666666666665,3
3832,3.6666666666666665,3
4005,3.6666666666666665,3
4325,3.6666666666666665,3
4410,3.6666666666666665,3
4642,3.6666666666666665,3
4835,3.6666666666666665,3
4928,3.6666666666666665,3
5312,3.6666666666666665,3
5385,3.6666666666666665,3
5812,3.6666666666666665,3
6641,3.6666666666666665,3
6705,3.6666666666666665,3
7016,3.6666666666666665,3
7151,3.6666666666666665,3
7228,3.6666666666666665,3
7792,3.6666666666666665,3
7894,3.6666666666666665,3
7937,3.6666666666666665,3
8521,3.6666666666666665,3
8814,3.6666666666666665,3
8974,3.6666666666666665,3
26084,3.6666666666666665,3
26152,3.6666666666666665,3
26285,3.6666666666666665,3
27032,3.6666666666666665,3
27800,3.6666666666666665,3
27838,3.6666666666666665,3
33499,3.6666666666666665,3
34811,3.6666666666666665,3
40148,3.6666666666666665,3
43396,3.6666666666666665,3
45440,3.6666666666666665,3
47465,3.6666666666666665,3
53447,3.6666666666666665,3
54796,3.6666666666666665,3
55278,3.6666666666666665,3
55805,3.6666666666666665,3
62344,3.6666666666666665,3
63676,3.6666666666666665,3
69654,3.6666666666666665,3
71248,3.6666666666666665,3
72167,3.6666666666666665,3
73569,3.6666666666666665,3
76079,3.6666666666666665,3
91842,3.6666666666666665,3
98981,3.6666666666666665,3
101741,3.6666666666666665,3
111255,3.6666666666666665,3
112550,3.6666666666666665,3
113048,3.6666666666666665,3
113207,3.6666666666666665,3
114678,3.6666666666666665,3
117867,3.6666666666666665,3
134109,3.6666666666666665,3
139575,3.6666666666666665,3
141648,3.6666666666666665,3
142158,3.6666666666666665,3
150342,3.6666666666666665,3
151695,3.6666666666666665,3
155820,3.6666666666666665,3
155968,3.6666666666666665,3
164107,3.6666666666666665,3
165337,3.6666666666666665,3
176239,3.6666666666666665,3
180987,3.6666666666666665,3
187531,3.6666666666666665,3
189567,3.6666666666666665,3
192497,3.6666666666666665,3
194556,3.6666666666666665,3
194969,3.6666666666666665,3
195045,3.6666666666666665,3
195733,3.6666666666666665,3
205303,3.6666666666666665,3
205661,3.6666666666666665,3
61024,3.6625,40
139385,3.6621621621621623,74
55765,3.6621621621621623,37
200818,3.661290322580645,62
2420,3.6607142857142856,28
3033,3.66,25
73017,3.6597938144329896,97
40732,3.659090909090909,22
48043,3.659090909090909,22
1073,3.6578947368421053,38
112138,3.657142857142857,35
166461,3.656716417910448,67
89864,3.65625,32
4437,3.65625,16
41997,3.65625,16
142997,3.65625,16
176929,3.65625,16
68358,3.654255319148936,94
63082,3.6538461538461537,117
1370,3.6538461538461537,39
2431,3.6538461538461537,13
84392,3.6538461538461537,13
98243,3.6538461538461537,13
185029,3.653409090909091,88
3300,3.6515151515151514,33
597,3.65,40
111781,3.65,30
96432,3.65,10
162602,3.65,10
168266,3.65,10
168610,3.65,10
5816,3.648026315789474,152
2291,3.6475409836065573,61
140956,3.6474358974358974,78
1350,3.6470588235294117,17
205383,3.6470588235294117,17
71535,3.644144144144144,111
67087,3.642857142857143,35
49396,3.642857142857143,14
3635,3.642857142857143,7
4974,3.642857142857143,7
41573,3.642857142857143,7
66798,3.642857142857143,7
74685,3.642857142857143,7
95558,3.642857142857143,7
105593,3.642857142857143,7
109187,3.642857142857143,7
197889,3.642857142857143,7
96610,3.6414141414141414,99
184721,3.64,25
192385,3.639344262295082,61
79091,3.638888888888889,72
37733,3.638888888888889,18
3702,3.6379310344827585,29
3868,3.6363636363636362,22
2118,3.6363636363636362,11
8983,3.6363636363636362,11
27801,3.6363636363636362,11
595,3.6357142857142857,70
7254,3.635294117647059,85
1079,3.6333333333333333,30
2948,3.6333333333333333,15
4901,3.6333333333333333,15
6664,3.6333333333333333,15
6867,3.6333333333333333,15
187541,3.63265306122449,98
84944,3.6323529411764706,34
106918,3.6315789473684212,38
1347,3.6296296296296298,27
36529,3.629032258064516,62
52328,3.629032258064516,31
6942,3.6285714285714286,70
112183,3.6265822784810124,79
86833,3.625,40
5110,3.625,28
99149,3.625,24
1333,3.625,20
2541,3.625,16
191351,3.625,16
6889,3.625,12
157699,3.625,12
3608,3.625,8
6620,3.625,8
31225,3.625,8
53435,3.625,8
80831,3.625,8
130576,3.625,8
159193,3.625,8
165347,3.625,8
204,3.625,4
969,3.625,4
1049,3.625,4
1176,3.625,4
1273,3.625,4
1518,3.625,4
2348,3.625,4
2454,3.625,4
2560,3.625,4
2940,3.625,4
3263,3.625,4
3461,3.625,4
3479,3.625,4
3675,3.625,4
3699,3.625,4
3788,3.625,4
4154,3.625,4
5177,3.625,4
5803,3.625,4
6187,3.625,4
7234,3.625,4
25773,3.625,4
25937,3.625,4
27592,3.625,4
51088,3.625,4
52950,3.625,4
59103,3.625,4
60333,3.625,4
65596,3.625,4
66200,3.625,4
70015,3.625,4
73854,3.625,4
74750,3.625,4
77201,3.625,4
86000,3.625,4
94070,3.625,4
94833,3.625,4
114392,3.625,4
127130,3.625,4
151345,3.625,4
159717,3.625,4
170943,3.625,4
175667,3.625,4
180367,3.625,4
185481,3.625,4
193956,3.625,4
197709,3.625,4
200448,3.625,4
203040,3.625,4
203154,3.625,4
203218,3.625,4
201773,3.623762376237624,101
3527,3.619565217391304,46
4299,3.6184210526315788,38
84954,3.6184210526315788,38
90405,3.6176470588235294,51
188623,3.6176470588235294,17
53125,3.6166666666666667,60
46578,3.6157894736842104,95
189363,3.6153846153846154,39
11,3.6153846153846154,13
7802,3.6153846153846154,13
95088,3.6153846153846154,13
3994,3.6147540983606556,61
4308,3.6145833333333335,48
194016,3.6145833333333335,48
1321,3.6136363636363638,22
63131,3.6136363636363638,22
183843,3.6136363636363638,22
87232,3.6125,80
159093,3.6125,40
95167,3.611111111111111,54
6297,3.611111111111111,18
176751,3.611111111111111,18
515,3.611111111111111,9
1587,3.611111111111111,9
2278,3.611111111111111,9
6059,3.611111111111111,9
81782,3.611111111111111,9
188751,3.611111111111111,9
190947,3.611111111111111,9
377,3.608108108108108,37
8949,3.607142857142857,28
8970,3.607142857142857,28
442,3.607142857142857,14
2087,3.607142857142857,14
160980,3.607142857142857,14
191459,3.607142857142857,14
184399,3.606060606060606,33
8376,3.6052631578947367,57
58299,3.6052631578947367,19
193942,3.6052631578947367,19
2797,3.603448275862069,29
201588,3.6025641025641026,39
81847,3.6018518518518516,54
174055,3.601063829787234,94
103810,3.6,20
1032,3.6,15
112804,3.6,15
3863,3.6,10
7162,3.6,10
44761,3.6,10
58295,3.6,10
177497,3.6,10
1094,3.6,5
1375,3.6,5
2125,3.6,5
3016,3.6,5
3317,3.6,5
3363,3.6,5
3521,3.6,5
3706,3.6,5
4128,3.6,5
4857,3.6,5
4863,3.6,5
6290,3.6,5
6902,3.6,5
7419,3.6,5
27788,3.6,5
39444,3.6,5
49961,3.6,5
50641,3.6,5
51834,3.6,5
54785,3.6,5
59126,3.6,5
65585,3.6,5
72605,3.6,5
81156,3.6,5
87304,3.6,5
93512,3.6,5
95873,3.6,5
106452,3.6,5
170745,3.6,5
175659,3.6,5
183827,3.6,5
189889,3.6,5
102445,3.5984848484848486,66
193065,3.5943396226415096,53
2657,3.59375,16
7458,3.592857142857143,70
8371,3.5925925925925926,27
64839,3.5925925925925926,27
2012,3.5918367346938775,49
85414,3.591666666666667,60
7143,3.591549295774648,71
1517,3.590909090909091,44
1029,3.590909090909091,11
168122,3.590909090909091,11
173925,3.590909090909091,11
33004,3.58955223880597,67
6365,3.588235294117647,102
140715,3.588235294117647,17
89753,3.5869565217391304,23
106696,3.5833333333333335,60
1393,3.5833333333333335,36
4235,3.5833333333333335,18
184257,3.5833333333333335,18
188749,3.5833333333333335,18
2804,3.5833333333333335,12
3256,3.5833333333333335,12
55442,3.5833333333333335,12
151,3.5833333333333335,6
492,3.5833333333333335,6
1231,3.5833333333333335,6
1735,3.5833333333333335,6
2696,3.5833333333333335,6
2788,3.5833333333333335,6
3334,3.5833333333333335,6
3444,3.5833333333333335,6
4725,3.5833333333333335,6
6263,3.5833333333333335,6
47404,3.5833333333333335,6
83086,3.5833333333333335,6
146309,3.5833333333333335,6
184023,3.5833333333333335,6
197175,3.581818181818182,55
166534,3.5806451612903225,62
190939,3.5806451612903225,31
2096,3.5789473684210527,19
111113,3.5789473684210527,19
616,3.576923076923077,13
91658,3.5753424657534247,73
1663,3.575,20
180031,3.574626865671642,67
7373,3.574468085106383,47
8644,3.5739130434782607,115
4874,3.573529411764706,34
5349,3.5720720720720722,111
175303,3.5714285714285716,49
192245,3.5714285714285716,42
7445,3.5714285714285716,35
189041,3.5714285714285716,21
1095,3.5714285714285716,7
1241,3.5714285714285716,7
1298,3.5714285714285716,7
4499,3.5714285714285716,7
7573,3.5714285714285716,7
51084,3.5714285714285716,7
54276,3.5714285714285716,7
58154,3.5714285714285716,7
70728,3.5714285714285716,7
90600,3.5714285714285716,7
92391,3.5714285714285716,7
114060,3.5714285714285716,7
130686,3.5714285714285716,7
165103,3.5714285714285716,7
70,3.5681818181818183,22
60756,3.5675675675675675,37
1721,3.5673076923076925,104
2058,3.566666666666667,15
4351,3.566666666666667,15
55276,3.566666666666667,15
64957,3.5625,64
1358,3.5625,8
2001,3.5625,8
5853,3.5625,8
6003,3.5625,8
42632,3.5625,8
58105,3.5625,8
72405,3.5625,8
152591,3.5625,8
166705,3.5625,8
187815,3.5625,8
190551,3.5625,8
103688,3.561224489795918,49
2712,3.5609756097560976,41
166528,3.5601503759398496,133
4306,3.56,175
87222,3.56,25
161922,3.5588235294117645,17
185473,3.5588235294117645,17
111362,3.557142857142857,70
5630,3.557142857142857,35
112175,3.5568181818181817,44
193944,3.556603773584906,53
4975,3.5555555555555554,36
1088,3.5555555555555554,18
3176,3.5555555555555554,18
173369,3.5555555555555554,18
1183,3.5555555555555554,9
2746,3.5555555555555554,9
53318,3.5555555555555554,9
539,3.5535714285714284,28
37727,3.5526315789473686,19
176419,3.5517241379310347,29
86898,3.55,20
34323,3.55,10
84601,3.55,10
170697,3.55,10
53953,3.5476190476190474,21
8529,3.546875,64
1407,3.546875,32
2717,3.5454545454545454,22
2795,3.5454545454545454,11
2890,3.5454545454545454,11
85401,3.5454545454545454,11
107771,3.5454545454545454,11
113829,3.5454545454545454,11
192803,3.5444444444444443,135
86644,3.5441176470588234,34
110102,3.543269230769231,104
47997,3.5416666666666665,24
1285,3.5416666666666665,12
100383,3.5416666666666665,12
193477,3.5416666666666665,12
97921,3.541095890410959,73
1945,3.5384615384615383,13
63876,3.5384615384615383,13
78574,3.5384615384615383,13
89804,3.5384615384615383,13
56152,3.537037037037037,27
6188,3.5357142857142856,28
933,3.5357142857142856,14
2059,3.5357142857142856,14
2144,3.5357142857142856,14
52458,3.5357142857142856,14
197529,3.5357142857142856,14
196417,3.533333333333333,30
78836,3.533333333333333,15
3996,3.5327868852459017,61
2078,3.53125,16
2395,3.5303030303030303,33
103141,3.53,50
104211,3.5294117647058822,34
4571,3.5294117647058822,17
81229,3.5285714285714285,35
88744,3.528169014084507,71
4366,3.526315789473684,19
6936,3.5258620689655173,58
45720,3.5254237288135593,59
3967,3.525,20
52287,3.525,20
135436,3.5238095238095237,21
179817,3.522727272727273,22
180985,3.522727272727273,22
61323,3.521276595744681,47
122906,3.5210084033613445,119
145,3.52,25
98809,3.51980198019802,101
179401,3.518181818181818,55
122924,3.517857142857143,28
122910,3.517699115044248,113
72641,3.5166666666666666,60
188301,3.515957446808511,94
133771,3.515625,64
122896,3.515151515151515,33
135143,3.5142857142857142,70
56145,3.5135135135135136,37
121231,3.513157894736842,38
76251,3.5128205128205128,78
4148,3.5128205128205128,39
2174,3.5113636363636362,44
196997,3.510204081632653,49
35836,3.5052631578947366,95
69122,3.5,139
97938,3.5,72
2,3.5,49
81564,3.5,38
1566,3.5,34
3081,3.5,34
4034,3.5,31
1035,3.5,29
45081,3.5,27
97225,3.5,27
3301,3.5,25
180297,3.5,25
594,3.5,23
195163,3.5,23
1967,3.5,20
1994,3.5,19
179085,3.5,19
353,3.5,18
1921,3.5,18
80219,3.5,18
110882,3.5,18
1356,3.5,17
8981,3.5,16
183011,3.5,16
2539,3.5,15
62849,3.5,15
171765,3.5,15
2394,3.5,14
745,3.5,13
2140,3.5,13
197207,3.5,13
199974,3.5,13
1408,3.5,12
2470,3.5,12
466,3.5,11
661,3.5,11
1641,3.5,11
2193,3.5,11
3005,3.5,11
4533,3.5,11
80969,3.5,11
81788,3.5,11
93270,3.5,11
3087,3.5,10
5881,3.5,10
7265,3.5,10
40581,3.5,10
68205,3.5,10
80906,3.5,10
93272,3.5,10
187231,3.5,10
187501,3.5,10
3355,3.5,9
3510,3.5,9
6880,3.5,9
6987,3.5,9
55999,3.5,9
110586,3.5,9
114847,3.5,9
2301,3.5,8
2393,3.5,8
3526,3.5,8
4902,3.5,8
73268,3.5,8
111617,3.5,8
162322,3.5,8
866,3.5,7
2803,3.5,7
3861,3.5,7
64197,3.5,7
128606,3.5,7
136602,3.5,7
183619,3.5,7
187723,3.5,7
194947,3.5,7
7375,3.5,6
26171,3.5,6
51573,3.5,6
59727,3.5,6
62376,3.5,6
65216,3.5,6
74688,3.5,6
88267,3.5,6
112818,3.5,6
118354,3.5,6
134326,3.5,6
159755,3.5,6
1382,3.5,5
2369,3.5,5
2580,3.5,5
3545,3.5,5
4614,3.5,5
4733,3.5,5
6652,3.5,5
7008,3.5,5
7043,3.5,5
7564,3.5,5
8261,3.5,5
8596,3.5,5
90374,3.5,5
100556,3.5,5
132660,3.5,5
136598,3.5,5
146688,3.5,5
148956,3.5,5
160565,3.5,5
165101,3.5,5
192357,3.5,5
205425,3.5,5
1031,3.5,4
1296,3.5,4
2550,3.5,4
2719,3.5,4
2732,3.5,4
3100,3.5,4
3478,3.5,4
4040,3.5,4
4190,3.5,4
4383,3.5,4
5292,3.5,4
5653,3.5,4
6184,3.5,4
6971,3.5,4
8966,3.5,4
27727,3.5,4
37384,3.5,4
47254,3.5,4
57526,3.5,4
61986,3.5,4
73023,3.5,4
91325,3.5,4
99917,3.5,4
105835,3.5,4
114265,3.5,4
117109,3.5,4
131796,3.5,4
150254,3.5,4
171439,3.5,4
173499,3.5,4
179333,3.5,4
183703,3.5,4
192997,3.5,4
199538,3.5,4
88,3.5,3
199,3.5,3
203,3.5,3
232,3.5,3
562,3.5,3
781,3.5,3
804,3.5,3
836,3.5,3
1012,3.5,3
1081,3.5,3
1179,3.5,3
1354,3.5,3
2065,3.5,3
2565,3.5,3
2707,3.5,3
2861,3.5,3
3060,3.5,3
3267,3.5,3
3546,3.5,3
3551,3.5,3
3627,3.5,3
3763,3.5,3
3827,3.5,3
4008,3.5,3
4041,3.5,3
4195,3.5,3
4212,3.5,3
4225,3.5,3
4338,3.5,3
4518,3.5,3
4719,3.5,3
5380,3.5,3
5479,3.5,3
6104,3.5,3
6226,3.5,3
6296,3.5,3
6436,3.5,3
6591,3.5,3
6662,3.5,3
7048,3.5,3
7316,3.5,3
7460,3.5,3
7485,3.5,3
7951,3.5,3
8128,3.5,3
8493,3.5,3
8844,3.5,3
26587,3.5,3
26680,3.5,3
31930,3.5,3
36527,3.5,3
42217,3.5,3
53326,3.5,3
59016,3.5,3
60291,3.5,3
60753,3.5,3
61255,3.5,3
61352,3.5,3
74416,3.5,3
75395,3.5,3
79860,3.5,3
80862,3.5,3
84156,3.5,3
88468,3.5,3
92048,3.5,3
92509,3.5,3
95567,3.5,3
95858,3.5,3
96751,3.5,3
96832,3.5,3
97328,3.5,3
127140,3.5,3
130510,3.5,3
133001,3.5,3
135532,3.5,3
138212,3.5,3
139120,3.5,3
141718,3.5,3
142536,3.5,3
143440,3.5,3
157338,3.5,3
164411,3.5,3
164899,3.5,3
178839,3.5,3
183589,3.5,3
183909,3.5,3
184925,3.5,3
190305,3.5,3
192697,3.5,3
194638,3.5,3
198273,3.5,3
199017,3.5,3
203619,3.5,3
143345,3.490740740740741,54
166635,3.488888888888889,45
96588,3.4878048780487805,41
2000,3.4857142857142858,35
79592,3.4838709677419355,31
1101,3.4833333333333334,30
136020,3.4827586206896552,29
2023,3.4814814814814814,27
4701,3.4814814814814814,27
93510,3.48,75
37729,3.48,50
2085,3.4791666666666665,24
4085,3.4791666666666665,24
66097,3.478723404255319,47
648,3.4761904761904763,42
2003,3.473684210526316,19
56367,3.4725274725274726,91
4489,3.4722222222222223,18
143355,3.4714285714285715,70
1282,3.4705882352941178,17
67734,3.4705882352941178,17
4014,3.4696969696969697,33
3698,3.46875,16
2411,3.466666666666667,15
2640,3.466666666666667,15
101362,3.466666666666667,15
6934,3.4662162162162162,74
72998,3.4642857142857144,168
64620,3.4642857142857144,14
5574,3.462962962962963,27
7149,3.4615384615384617,13
78209,3.4615384615384617,13
89904,3.4615384615384617,13
95543,3.4615384615384617,13
4447,3.4607843137254903,51
81562,3.4607843137254903,51
53519,3.46,25
202103,3.4583333333333335,24
1302,3.4583333333333335,12
54256,3.4583333333333335,12
79185,3.4583333333333335,12
91077,3.4583333333333335,12
99145,3.4583333333333335,12
113573,3.4583333333333335,12
1673,3.4565217391304346,23
1025,3.4545454545454546,11
1120,3.4545454545454546,11
8340,3.4545454545454546,11
57528,3.4545454545454546,11
60950,3.4545454545454546,11
59784,3.451219512195122,82
94677,3.45,20
2881,3.45,10
3438,3.45,10
4865,3.45,10
7154,3.45,10
32029,3.45,10
62155,3.45,10
164175,3.45,10
2167,3.448717948717949,39
56174,3.4479166666666665,96
56775,3.445945945945946,37
3948,3.4452054794520546,73
6266,3.4444444444444446,9
51412,3.4444444444444446,9
94405,3.4444444444444446,9
99117,3.4444444444444446,9
142222,3.4444444444444446,9
142509,3.4444444444444446,9
3034,3.4411764705882355,17
99007,3.4411764705882355,17
97752,3.4404761904761907,42
4370,3.4375,56
6378,3.4375,48
292,3.4375,16
410,3.4375,16
5882,3.4375,16
8947,3.4375,16
2471,3.4375,8
2726,3.4375,8
4326,3.4375,8
4545,3.4375,8
5013,3.4375,8
80846,3.4375,8
144976,3.4375,8
316,3.435483870967742,31
195921,3.435483870967742,31
5903,3.4302325581395348,43
6281,3.4285714285714284,28
135569,3.4285714285714284,28
90866,3.4285714285714284,21
2459,3.4285714285714284,14
3174,3.4285714285714284,14
30816,3.4285714285714284,14
34437,3.4285714285714284,14
1096,3.4285714285714284,7
6796,3.4285714285714284,7
6890,3.4285714285714284,7
63479,3.4285714285714284,7
76293,3.4285714285714284,7
94266,3.4285714285714284,7
96417,3.4285714285714284,7
104337,3.4285714285714284,7
187601,3.4285714285714284,7
188941,3.4285714285714284,7
2987,3.425925925925926,27
169864,3.425925925925926,27
122900,3.425,80
1027,3.425,20
93831,3.423076923076923,13
8636,3.4220779220779223,77
34,3.421875,32
6333,3.4214285714285713,70
5254,3.4210526315789473,19
162600,3.4210526315789473,19
61132,3.4191176470588234,68
104,3.4186046511627906,43
4246,3.4166666666666665,48
288,3.4166666666666665,30
208,3.4166666666666665,24
44022,3.4166666666666665,24
204352,3.4166666666666665,18
3168,3.4166666666666665,12
6957,3.4166666666666665,12
55830,3.4166666666666665,12
64575,3.4166666666666665,12
105653,3.4166666666666665,12
128838,3.4166666666666665,12
1100,3.4166666666666665,6
1805,3.4166666666666665,6
2033,3.4166666666666665,6
2336,3.4166666666666665,6
2664,3.4166666666666665,6
2792,3.4166666666666665,6
44828,3.4166666666666665,6
66171,3.4166666666666665,6
69436,3.4166666666666665,6
89343,3.4166666666666665,6
128512,3.4166666666666665,6
157373,3.4166666666666665,6
176937,3.4166666666666665,6
183701,3.4166666666666665,6
195095,3.4166666666666665,6
587,3.409090909090909,22
17,3.409090909090909,11
1792,3.409090909090909,11
3258,3.409090909090909,11
90345,3.409090909090909,11
112868,3.409090909090909,11
116799,3.409090909090909,11
195497,3.40625,48
42738,3.40625,16
48385,3.4055555555555554,90
192389,3.4051724137931036,58
52281,3.4047619047619047,21
45186,3.4027777777777777,36
87306,3.4027777777777777,36
103341,3.4027777777777777,36
8641,3.4,75
71530,3.4,20
149406,3.4,20
4343,3.4,15
4887,3.4,15
2186,3.4,10
45668,3.4,10
106491,3.4,10
1572,3.4,5
1913,3.4,5
2407,3.4,5
3208,3.4,5
3271,3.4,5
3424,3.4,5
3452,3.4,5
4084,3.4,5
6959,3.4,5
7046,3.4,5
7164,3.4,5
27856,3.4,5
49815,3.4,5
63033,3.4,5
71462,3.4,5
81819,3.4,5
88179,3.4,5
95311,3.4,5
97936,3.4,5
103048,3.4,5
107314,3.4,5
113225,3.4,5
145418,3.4,5
161966,3.4,5
163985,3.4,5
170399,3.4,5
179163,3.4,5
193697,3.4,5
202934,3.4,5
207309,3.4,5
114180,3.3974358974358974,39
48,3.396551724137931,29
3753,3.395348837209302,43
1097,3.3947368421052633,57
106489,3.3943661971830985,71
85788,3.391304347826087,23
187595,3.390625,64
94864,3.389830508474576,59
122892,3.388888888888889,90
2700,3.388888888888889,27
4700,3.388888888888889,27
129354,3.388888888888889,18
2009,3.388888888888889,9
3254,3.388888888888889,9
3298,3.388888888888889,9
3386,3.388888888888889,9
78349,3.388888888888889,9
97860,3.388888888888889,9
135518,3.388888888888889,9
142448,3.388888888888889,9
151739,3.388888888888889,9
90746,3.3863636363636362,22
104841,3.386138613861386,101
1690,3.3846153846153846,13
40278,3.3846153846153846,13
71520,3.3846153846153846,13
5218,3.3820224719101124,89
6156,3.380952380952381,21
59022,3.380952380952381,21
6754,3.378787878787879,33
31696,3.3780487804878048,41
1923,3.3777777777777778,45
8984,3.375,60
64969,3.375,44
6947,3.375,20
170875,3.375,16
1242,3.375,12
6879,3.375,12
44193,3.375,12
82169,3.375,12
110771,3.375,12
1947,3.375,8
2021,3.375,8
2599,3.375,8
74510,3.375,8
79057,3.375,8
93443,3.375,8
98056,3.375,8
190183,3.375,8
195305,3.375,8
13,3.375,4
249,3.375,4
1030,3.375,4
1255,3.375,4
1289,3.375,4
1513,3.375,4
2334,3.375,4
3451,3.375,4
3654,3.375,4
4444,3.375,4
6639,3.375,4
7158,3.375,4
7570,3.375,4
7883,3.375,4
8906,3.375,4
27366,3.375,4
31420,3.375,4
31660,3.375,4
32019,3.375,4
50514,3.375,4
58107,3.375,4
58297,3.375,4
70208,3.375,4
73319,3.375,4
74727,3.375,4
77206,3.375,4
77667,3.375,4
77837,3.375,4
87192,3.375,4
96612,3.375,4
100302,3.375,4
127212,3.375,4
130087,3.375,4
130988,3.375,4
169166,3.375,4
185977,3.375,4
204294,3.375,4
367,3.372093023255814,43
8528,3.372093023255814,43
200540,3.3714285714285714,35
192283,3.370967741935484,31
5388,3.3703703703703702,27
114662,3.369565217391304,46
3556,3.369565217391304,23
63072,3.369565217391304,23
1092,3.3684210526315788,19
2953,3.3684210526315788,19
107406,3.3676470588235294,68
5679,3.3666666666666667,45
36519,3.3666666666666667,15
56941,3.3666666666666667,15
112623,3.3658536585365852,41
103772,3.364864864864865,37
64716,3.3636363636363638,22
54736,3.3636363636363638,11
95449,3.3636363636363638,11
167746,3.361111111111111,18
8360,3.359550561797753,89
73321,3.358695652173913,46
1485,3.357142857142857,35
157296,3.357142857142857,35
1059,3.357142857142857,14
1376,3.357142857142857,14
3483,3.357142857142857,14
3555,3.357142857142857,14
64030,3.357142857142857,14
172,3.357142857142857,7
277,3.357142857142857,7
2496,3.357142857142857,7
3959,3.357142857142857,7
4033,3.357142857142857,7
7235,3.357142857142857,7
7981,3.357142857142857,7
92192,3.357142857142857,7
185319,3.357142857142857,7
192393,3.357142857142857,7
88140,3.3552631578947367,76
1777,3.3548387096774195,31
34319,3.3541666666666665,24
201368,3.3541666666666665,24
6863,3.352112676056338,71
4734,3.3518518518518516,27
5266,3.3518518518518516,27
329,3.35,20
193958,3.35,20
2402,3.35,10
51709,3.35,10
69306,3.35,10
69951,3.35,10
1275,3.347826086956522,23
1391,3.347826086956522,23
133419,3.3461538461538463,13
3793,3.345360824742268,97
141,3.34375,16
86190,3.34375,16
780,3.3417721518987342,79
47200,3.340909090909091,22
500,3.34,50
54272,3.338709677419355,62
34048,3.336734693877551,49
8533,3.335714285714286,70
69406,3.3333333333333335,54
57368,3.3333333333333335,39
52604,3.3333333333333335,27
196891,3.3333333333333335,24
2335,3.3333333333333335,18
3986,3.3333333333333335,18
159858,3.3333333333333335,15
45950,3.3333333333333335,12
187505,3.3333333333333335,12
202393,3.3333333333333335,12
968,3.3333333333333335,9
4679,3.3333333333333335,9
7482,3.3333333333333335,9
65230,3.3333333333333335,9
72395,3.3333333333333335,9
118985,3.3333333333333335,9
965,3.3333333333333335,6
1061,3.3333333333333335,6
1124,3.3333333333333335,6
2528,3.3333333333333335,6
2915,3.3333333333333335,6
2990,3.3333333333333335,6
3148,3.3333333333333335,6
3248,3.3333333333333335,6
6535,3.3333333333333335,6
62203,3.3333333333333335,6
86377,3.3333333333333335,6
94953,3.3333333333333335,6
94985,3.3333333333333335,6
99728,3.3333333333333335,6
105954,3.3333333333333335,6
106330,3.3333333333333335,6
140523,3.3333333333333335,6
195849,3.3333333333333335,6
237,3.3333333333333335,3
322,3.3333333333333335,3
544,3.3333333333333335,3
637,3.3333333333333335,3
841,3.3333333333333335,3
1344,3.3333333333333335,3
1785,3.3333333333333335,3
1859,3.3333333333333335,3
1959,3.3333333333333335,3
1977,3.3333333333333335,3
2013,3.3333333333333335,3
2014,3.3333333333333335,3
2094,3.3333333333333335,3
2505,3.3333333333333335,3
2654,3.3333333333333335,3
3329,3.3333333333333335,3
3591,3.3333333333333335,3
3760,3.3333333333333335,3
3814,3.3333333333333335,3
3985,3.3333333333333335,3
4359,3.3333333333333335,3
4371,3.3333333333333335,3
4506,3.3333333333333335,3
4889,3.3333333333333335,3
5363,3.3333333333333335,3
5522,3.3333333333333335,3
5570,3.3333333333333335,3
5999,3.3333333333333335,3
6270,3.3333333333333335,3
6832,3.3333333333333335,3
6961,3.3333333333333335,3
7073,3.3333333333333335,3
7321,3.3333333333333335,3
7333,3.3333333333333335,3
7561,3.3333333333333335,3
7577,3.3333333333333335,3
7624,3.3333333333333335,3
7942,3.3333333333333335,3
8767,3.3333333333333335,3
8959,3.3333333333333335,3
25952,3.3333333333333335,3
26241,3.3333333333333335,3
26422,3.3333333333333335,3
26737,3.3333333333333335,3
30822,3.3333333333333335,3
33495,3.3333333333333335,3
34336,3.3333333333333335,3
42946,3.3333333333333335,3
49647,3.3333333333333335,3
50792,3.3333333333333335,3
52435,3.3333333333333335,3
54775,3.3333333333333335,3
59418,3.3333333333333335,3
59709,3.3333333333333335,3
69516,3.3333333333333335,3
72209,3.3333333333333335,3
82093,3.3333333333333335,3
91869,3.3333333333333335,3
92309,3.3333333333333335,3
101137,3.3333333333333335,3
101258,3.3333333333333335,3
108871,3.3333333333333335,3
109423,3.3333333333333335,3
109846,3.3333333333333335,3
116004,3.3333333333333335,3
117364,3.3333333333333335,3
121035,3.3333333333333335,3
132648,3.3333333333333335,3
138104,3.3333333333333335,3
138702,3.3333333333333335,3
139721,3.3333333333333335,3
140725,3.3333333333333335,3
141924,3.3333333333333335,3
142492,3.3333333333333335,3
148369,3.3333333333333335,3
158842,3.3333333333333335,3
165105,3.3333333333333335,3
165849,3.3333333333333335,3
188541,3.3333333333333335,3
189879,3.3333333333333335,3
194398,3.3333333333333335,3
195429,3.3333333333333335,3
196611,3.3333333333333335,3
199470,3.3333333333333335,3
200982,3.3333333333333335,3
206805,3.3333333333333335,3
8784,3.3292682926829267,41
68554,3.3289473684210527,38
1377,3.326923076923077,26
33162,3.3260869565217392,23
5502,3.324074074074074,54
87869,3.323529411764706,34
592,3.3225806451612905,31
5463,3.3214285714285716,14
63062,3.3214285714285716,14
187611,3.3214285714285716,14
357,3.3181818181818183,22
339,3.3181818181818183,11
54999,3.3181818181818183,11
108727,3.3181818181818183,11
168330,3.3181818181818183,11
185031,3.3181818181818183,11
2710,3.316666666666667,30
106916,3.3125,40
6548,3.3125,24
434,3.3125,16
54648,3.3125,16
2991,3.3125,8
3999,3.3125,8
4994,3.3125,8
27478,3.3125,8
52975,3.3125,8
85881,3.3125,8
88785,3.3125,8
177237,3.3125,8
120466,3.310810810810811,37
119141,3.310344827586207,29
5507,3.3095238095238093,21
94777,3.3076923076923075,52
5669,3.3076923076923075,39
1371,3.3076923076923075,13
4980,3.3076923076923075,13
46948,3.3076923076923075,13
178667,3.3076923076923075,13
2424,3.306451612903226,31
33615,3.3043478260869565,46
8807,3.3035714285714284,28
84772,3.3,40
1552,3.3,20
132046,3.3,20
197691,3.3,20
89470,3.3,15
201594,3.3,15
33834,3.3,10
56805,3.3,10
74795,3.3,10
147,3.3,5
1619,3.3,5
1620,3.3,5
1949,3.3,5
3249,3.3,5
4121,3.3,5
65882,3.3,5
109483,3.3,5
114552,3.3,5
129937,3.3,5
141397,3.3,5
148172,3.3,5
171253,3.3,5
197909,3.3,5
118696,3.296875,64
99112,3.2962962962962963,27
1982,3.2954545454545454,22
194396,3.2941176470588234,17
168254,3.293103448275862,29
7160,3.2916666666666665,12
101285,3.2916666666666665,12
105468,3.2916666666666665,12
132480,3.2916666666666665,12
10,3.289473684210526,38
736,3.289473684210526,19
62999,3.289473684210526,19
200354,3.289473684210526,19
8914,3.2884615384615383,26
52973,3.288135593220339,59
5459,3.287878787878788,66
90249,3.2857142857142856,28
1378,3.2857142857142856,7
33672,3.2857142857142856,7
77414,3.2857142857142856,7
82167,3.2857142857142856,7
92439,3.2857142857142856,7
109850,3.2857142857142856,7
164981,3.2857142857142856,7
191799,3.2857142857142856,7
197491,3.2857142857142856,7
173941,3.28125,16
185585,3.28125,16
46970,3.28,25
177763,3.28,25
1301,3.2777777777777777,9
1343,3.2777777777777777,9
55267,3.2777777777777777,9
73323,3.2777777777777777,9
91094,3.2777777777777777,9
92507,3.2777777777777777,9
109578,3.2777777777777777,9
167640,3.2777777777777777,9
172547,3.2777777777777777,9
111921,3.272727272727273,33
628,3.272727272727273,11
1385,3.272727272727273,11
2989,3.272727272727273,11
96811,3.272727272727273,11
114795,3.272727272727273,11
109848,3.269230769230769,13
56757,3.2666666666666666,45
7004,3.2666666666666666,15
49651,3.2666666666666666,15
68135,3.2666666666666666,15
188797,3.2666666666666666,15
41566,3.2661290322580645,62
91500,3.265873015873016,126
6550,3.264705882352941,17
62434,3.264705882352941,17
102686,3.264705882352941,17
3676,3.263157894736842,19
3247,3.261904761904762,21
5528,3.261904761904762,21
4025,3.2604166666666665,48
102125,3.259259259259259,81
108190,3.2586206896551726,29
4816,3.2573529411764706,68
33493,3.25,82
3969,3.25,28
5991,3.25,26
38038,3.25,24
7347,3.25,16
37386,3.25,16
46723,3.25,16
70183,3.25,14
3262,3.25,12
70159,3.25,12
71211,3.25,12
90647,3.25,12
1779,3.25,10
2134,3.25,10
2421,3.25,10
27317,3.25,10
36401,3.25,10
558,3.25,8
4448,3.25,8
6367,3.25,8
38886,3.25,8
134214,3.25,8
190089,3.25,8
193185,3.25,8
193952,3.25,8
29,3.25,6
1835,3.25,6
2316,3.25,6
4735,3.25,6
6645,3.25,6
6873,3.25,6
31433,3.25,6
45210,3.25,6
94896,3.25,6
103883,3.25,6
104218,3.25,6
130506,3.25,6
151639,3.25,6
164821,3.25,6
179749,3.25,6
247,3.25,4
610,3.25,4
1327,3.25,4
1611,3.25,4
1975,3.25,4
2245,3.25,4
2412,3.25,4
3066,3.25,4
4036,3.25,4
4091,3.25,4
4821,3.25,4
5608,3.25,4
5693,3.25,4
6197,3.25,4
6763,3.25,4
8225,3.25,4
27368,3.25,4
56286,3.25,4
60647,3.25,4
61697,3.25,4
62113,3.25,4
66783,3.25,4
72696,3.25,4
84950,3.25,4
100581,3.25,4
114494,3.25,4
115664,3.25,4
143969,3.25,4
144172,3.25,4
152091,3.25,4
156371,3.25,4
162590,3.25,4
166486,3.25,4
192209,3.25,4
193898,3.25,4
195295,3.25,4
201314,3.25,4
102407,3.246031746031746,63
77561,3.2448979591836733,98
5377,3.2439024390243905,41
1544,3.2435897435897436,39
8972,3.2421875,64
179819,3.2413793103448274,87
3752,3.239130434782609,23
51662,3.238095238095238,105
2355,3.2363636363636363,55
175661,3.235294117647059,17
182823,3.235294117647059,17
2683,3.234375,32
64497,3.2333333333333334,15
103335,3.2325581395348837,43
111659,3.230769230769231,39
106002,3.22972972972973,37
106487,3.2291666666666665,72
168366,3.2291666666666665,24
34162,3.2285714285714286,70
86332,3.227777777777778,90
2527,3.227272727272727,11
5026,3.227272727272727,11
45728,3.227272727272727,11
50601,3.227272727272727,11
82461,3.2261904761904763,42
1380,3.225,20
162350,3.2222222222222223,18
2581,3.2222222222222223,9
6773,3.2222222222222223,9
48997,3.2222222222222223,9
77364,3.2222222222222223,9
156605,3.2222222222222223,9
200256,3.2222222222222223,9
2671,3.22,25
79293,3.21875,32
6155,3.217948717948718,39
33166,3.2142857142857144,35
2378,3.2142857142857144,14
197201,3.2142857142857144,14
112,3.2142857142857144,7
832,3.2142857142857144,7
1093,3.2142857142857144,7
1801,3.2142857142857144,7
2072,3.2142857142857144,7
5065,3.2142857142857144,7
5171,3.2142857142857144,7
69278,3.2142857142857144,7
170635,3.2142857142857144,7
178335,3.2142857142857144,7
1569,3.2083333333333335,12
2513,3.2083333333333335,12
50794,3.2083333333333335,12
184253,3.2083333333333335,12
1573,3.2065217391304346,46
7293,3.2049180327868854,61
5219,3.203125,32
4638,3.2027027027027026,37
64983,3.2,20
21,3.2,15
204542,3.2,15
18,3.2,10
1342,3.2,10
40583,3.2,10
71135,3.2,10
85412,3.2,10
134170,3.2,10
785,3.2,5
1047,3.2,5
1992,3.2,5
2146,3.2,5
2354,3.2,5
2379,3.2,5
2722,3.2,5
7247,3.2,5
48783,3.2,5
78266,3.2,5
90469,3.2,5
91653,3.2,5
103755,3.2,5
105731,3.2,5
114044,3.2,5
120138,3.2,5
135141,3.2,5
143245,3.2,5
194052,3.2,5
198145,3.2,5
202711,3.2,5
194951,3.19672131147541,61
39435,3.1944444444444446,18
45722,3.1923076923076925,91
596,3.1923076923076925,13
85020,3.1923076923076925,13
97172,3.1923076923076925,13
100163,3.1923076923076925,13
8622,3.1911764705882355,34
191869,3.1904761904761907,21
160438,3.1875,24
8808,3.1875,16
77866,3.1875,16
2248,3.1875,8
3918,3.1875,8
5283,3.1875,8
8623,3.1875,8
85367,3.1875,8
116887,3.1875,8
3798,3.1818181818181817,11
101112,3.1818181818181817,11
51086,3.176470588235294,17
104241,3.176470588235294,17
200838,3.175,40
183421,3.175,20
63113,3.1744186046511627,43
7318,3.1739130434782608,23
8957,3.1714285714285713,70
103253,3.1704545454545454,44
103249,3.1702127659574466,47
103228,3.169230769230769,65
46972,3.1666666666666665,42
88405,3.1666666666666665,30
84374,3.1666666666666665,18
2105,3.1666666666666665,15
4728,3.1666666666666665,15
2490,3.1666666666666665,12
8865,3.1666666666666665,12
46062,3.1666666666666665,12
197203,3.1666666666666665,12
724,3.1666666666666665,9
1876,3.1666666666666665,9
117533,3.1666666666666665,9
23,3.1666666666666665,6
303,3.1666666666666665,6
1515,3.1666666666666665,6
2141,3.1666666666666665,6
2826,3.1666666666666665,6
4639,3.1666666666666665,6
5009,3.1666666666666665,6
47044,3.1666666666666665,6
104925,3.1666666666666665,6
108156,3.1666666666666665,6
118888,3.1666666666666665,6
186631,3.1666666666666665,6
192503,3.1666666666666665,6
224,3.1666666666666665,3
282,3.1666666666666665,3
342,3.1666666666666665,3
609,3.1666666666666665,3
1844,3.1666666666666665,3
2108,3.1666666666666665,3
2325,3.1666666666666665,3
2727,3.1666666666666665,3
3316,3.1666666666666665,3
3513,3.1666666666666665,3
3632,3.1666666666666665,3
3696,3.1666666666666665,3
3955,3.1666666666666665,3
4275,3.1666666666666665,3
4322,3.1666666666666665,3
4356,3.1666666666666665,3
5016,3.1666666666666665,3
5293,3.1666666666666665,3
6565,3.1666666666666665,3
6707,3.1666666666666665,3
6999,3.1666666666666665,3
7381,3.1666666666666665,3
7930,3.1666666666666665,3
7944,3.1666666666666665,3
8772,3.1666666666666665,3
8879,3.1666666666666665,3
25744,3.1666666666666665,3
25921,3.1666666666666665,3
37545,3.1666666666666665,3
40946,3.1666666666666665,3
45028,3.1666666666666665,3
47264,3.1666666666666665,3
48593,3.1666666666666665,3
49822,3.1666666666666665,3
50162,3.1666666666666665,3
50229,3.1666666666666665,3
54962,3.1666666666666665,3
55272,3.1666666666666665,3
63853,3.1666666666666665,3
65868,3.1666666666666665,3
69118,3.1666666666666665,3
70567,3.1666666666666665,3
81456,3.1666666666666665,3
81535,3.1666666666666665,3
89837,3.1666666666666665,3
94813,3.1666666666666665,3
96367,3.1666666666666665,3
105769,3.1666666666666665,3
110297,3.1666666666666665,3
111551,3.1666666666666665,3
112940,3.1666666666666665,3
114074,3.1666666666666665,3
140928,3.1666666666666665,3
141004,3.1666666666666665,3
141408,3.1666666666666665,3
152065,3.1666666666666665,3
152083,3.1666666666666665,3
156017,3.1666666666666665,3
162594,3.1666666666666665,3
170555,3.1666666666666665,3
172877,3.1666666666666665,3
179595,3.1666666666666665,3
185169,3.1666666666666665,3
190077,3.1666666666666665,3
192159,3.1666666666666665,3
193916,3.1666666666666665,3
199237,3.1666666666666665,3
206845,3.1666666666666665,3
4369,3.161290322580645,62
6373,3.161111111111111,90
63436,3.1538461538461537,13
91485,3.1538461538461537,13
101739,3.1538461538461537,13
116823,3.15,70
170,3.15,10
916,3.15,10
2478,3.15,10
113862,3.15,10
158813,3.15,10
197875,3.15,10
201811,3.15,10
370,3.1470588235294117,17
5872,3.1470588235294117,17
143347,3.146153846153846,65
19,3.1458333333333335,24
7360,3.1458333333333335,24
135426,3.1444444444444444,45
2694,3.142857142857143,21
4446,3.142857142857143,21
54995,3.142857142857143,14
3638,3.142857142857143,7
5014,3.142857142857143,7
7386,3.142857142857143,7
8977,3.142857142857143,7
673,3.1363636363636362,22
168418,3.1363636363636362,11
33679,3.135135135135135,74
39446,3.1346153846153846,26
344,3.1341463414634148,41
6287,3.1333333333333333,30
6586,3.1333333333333333,15
6593,3.1333333333333333,15
66203,3.1333333333333333,15
176101,3.13,50
5299,3.129032258064516,31
196889,3.125,56
67923,3.125,24
1918,3.125,16
60126,3.125,12
63859,3.125,12
69640,3.125,12
111743,3.125,12
32213,3.125,8
80363,3.125,8
90430,3.125,8
101142,3.125,8
115231,3.125,8
126548,3.125,8
188307,3.125,8
94,3.125,4
105,3.125,4
435,3.125,4
493,3.125,4
708,3.125,4
1287,3.125,4
1340,3.125,4
1693,3.125,4
1833,3.125,4
2300,3.125,4
2567,3.125,4
3108,3.125,4
3450,3.125,4
3978,3.125,4
4054,3.125,4
4532,3.125,4
4814,3.125,4
5107,3.125,4
8605,3.125,4
8860,3.125,4
25771,3.125,4
31349,3.125,4
43871,3.125,4
46322,3.125,4
47640,3.125,4
49824,3.125,4
55167,3.125,4
66665,3.125,4
66785,3.125,4
71518,3.125,4
74275,3.125,4
76111,3.125,4
80222,3.125,4
87298,3.125,4
88812,3.125,4
97024,3.125,4
101415,3.125,4
115170,3.125,4
118880,3.125,4
128520,3.125,4
130636,3.125,4
136018,3.125,4
142074,3.125,4
170213,3.125,4
174181,3.125,4
186339,3.125,4
189805,3.125,4
193119,3.125,4
196257,3.125,4
198703,3.125,4
201486,3.125,4
203278,3.125,4
204836,3.125,4
95441,3.1226415094339623,53
8783,3.119047619047619,42
3285,3.119047619047619,21
110730,3.119047619047619,21
111360,3.1160714285714284,56
454,3.1153846153846154,13
45517,3.1136363636363638,44
102716,3.1136363636363638,22
137857,3.111111111111111,18
194348,3.111111111111111,18
163,3.111111111111111,9
379,3.111111111111111,9
87483,3.111111111111111,9
90531,3.111111111111111,9
95309,3.111111111111111,9
193589,3.111111111111111,9
202155,3.111111111111111,9
2080,3.108695652173913,23
784,3.1052631578947367,19
56949,3.1052631578947367,19
102481,3.1052631578947367,19
5620,3.1,20
91976,3.1,15
110591,3.1,15
158872,3.1,15
36276,3.1,10
37720,3.1,10
65088,3.1,10
189241,3.1,10
192559,3.1,10
198,3.1,5
413,3.1,5
1483,3.1,5
1726,3.1,5
2376,3.1,5
2867,3.1,5
3146,3.1,5
3927,3.1,5
6291,3.1,5
8866,3.1,5
60941,3.1,5
61729,3.1,5
80126,3.1,5
93475,3.1,5
94931,3.1,5
102720,3.1,5
144620,3.1,5
164367,3.1,5
196081,3.1,5
39,3.0961538461538463,26
2002,3.090909090909091,22
34072,3.090909090909091,11
200938,3.090909090909091,11
3623,3.0865384615384617,52
168612,3.0833333333333335,30
78469,3.0833333333333335,18
96861,3.0833333333333335,18
520,3.0833333333333335,12
5152,3.0833333333333335,12
6709,3.0833333333333335,12
8969,3.0833333333333335,12
109673,3.0833333333333335,12
5,3.0833333333333335,6
4673,3.0833333333333335,6
34534,3.0833333333333335,6
43930,3.0833333333333335,6
72380,3.0833333333333335,6
73266,3.0833333333333335,6
113705,3.0833333333333335,6
172009,3.0833333333333335,6
200638,3.0833333333333335,6
79695,3.08,25
4344,3.0789473684210527,19
5481,3.076923076923077,39
2406,3.076923076923077,13
195161,3.076923076923077,13
117529,3.075,60
194004,3.0714285714285716,21
2054,3.0714285714285716,14
143859,3.0714285714285716,14
1588,3.0714285714285716,7
2060,3.0714285714285716,7
2082,3.0714285714285716,7
2296,3.0714285714285716,7
5093,3.0714285714285716,7
5308,3.0714285714285716,7
7380,3.0714285714285716,7
27821,3.0714285714285716,7
61350,3.0714285714285716,7
72393,3.0714285714285716,7
86345,3.0714285714285716,7
93855,3.0714285714285716,7
101025,3.0714285714285716,7
186587,3.0714285714285716,7
72378,3.066666666666667,45
5419,3.066666666666667,15
130634,3.066666666666667,15
197343,3.066666666666667,15
3751,3.0660377358490565,53
266,3.0625,16
1033,3.0625,8
8042,3.0625,8
71579,3.0625,8
72731,3.0625,8
141688,3.0625,8
192579,3.0625,8
95510,3.0588235294117645,51
2706,3.058139534883721,43
8917,3.0555555555555554,36
3704,3.0555555555555554,9
4876,3.0555555555555554,9
108188,3.0555555555555554,9
149352,3.0555555555555554,9
158528,3.0555555555555554,9
169982,3.0555555555555554,9
170945,3.0555555555555554,9
111364,3.0535714285714284,28
71057,3.05,20
165603,3.05,20
5943,3.05,10
84637,3.05,10
94478,3.05,10
135861,3.0454545454545454,22
48982,3.0454545454545454,11
178521,3.0454545454545454,11
199073,3.0454545454545454,11
30793,3.0422535211267605,71
85056,3.0416666666666665,12
101577,3.0416666666666665,12
120799,3.04,25
92422,3.0384615384615383,13
117590,3.0357142857142856,14
189331,3.0357142857142856,14
60072,3.033333333333333,30
1639,3.033333333333333,15
6764,3.033333333333333,15
65682,3.033333333333333,15
169984,3.033333333333333,15
103042,3.03125,48
7444,3.0294117647058822,17
8464,3.026315789473684,38
71156,3.025,20
2687,3.0238095238095237,21
3489,3.0238095238095237,21
2628,3.0217391304347827,46
45447,3.014705882352941,68
30825,3.0,40
60040,3.0,37
173291,3.0,34
86911,3.0,30
184471,3.0,26
7346,3.0,23
27706,3.0,20
3968,3.0,17
117895,3.0,16
2410,3.0,13
6944,3.0,13
44397,3.0,13
44974,3.0,13
59421,3.0,13
122890,3.0,13
200322,3.0,13
93326,3.0,12
206499,3.0,12
4992,3.0,11
5541,3.0,11
183635,3.0,11
158,3.0,10
3156,3.0,10
7163,3.0,10
2770,3.0,9
75985,3.0,9
82202,3.0,9
196895,3.0,9
1665,3.0,8
4487,3.0,8
49932,3.0,8
58156,3.0,8
71252,3.0,8
118997,3.0,8
1717,3.0,7
2605,3.0,7
2688,3.0,7
6765,3.0,7
32296,3.0,7
45880,3.0,7
61250,3.0,7
104457,3.0,7
170403,3.0,7
182825,3.0,7
191489,3.0,7
193,3.0,6
720,3.0,6
1976,3.0,6
4677,3.0,6
31427,3.0,6
82854,3.0,6
86347,3.0,6
105585,3.0,6
107141,3.0,6
160569,3.0,6
163937,3.0,6
185979,3.0,6
494,3.0,5
552,3.0,5
1348,3.0,5
1586,3.0,5
2025,3.0,5
3439,3.0,5
6166,3.0,5
6338,3.0,5
36535,3.0,5
50912,3.0,5
80586,3.0,5
87867,3.0,5
110809,3.0,5
149354,3.0,5
160563,3.0,5
177771,3.0,5
179247,3.0,5
180231,3.0,5
191441,3.0,5
192551,3.0,5
194975,3.0,5
204692,3.0,5
366,3.0,4
1077,3.0,4
1479,3.0,4
2137,3.0,4
3269,3.0,4
4508,3.0,4
4520,3.0,4
6395,3.0,4
7115,3.0,4
26340,3.0,4
31804,3.0,4
50160,3.0,4
70206,3.0,4
76173,3.0,4
79796,3.0,4
84395,3.0,4
89480,3.0,4
103727,3.0,4
108928,3.0,4
118082,3.0,4
130448,3.0,4
159447,3.0,4
166526,3.0,4
168286,3.0,4
168806,3.0,4
175579,3.0,4
178447,3.0,4
182479,3.0,4
190741,3.0,4
193647,3.0,4
135,3.0,3
510,3.0,3
742,3.0,3
1019,3.0,3
1964,3.0,3
1973,3.0,3
2133,3.0,3
2181,3.0,3
2439,3.0,3
2524,3.0,3
2668,3.0,3
2888,3.0,3
3335,3.0,3
4654,3.0,3
4954,3.0,3
5891,3.0,3
6316,3.0,3
6793,3.0,3
6932,3.0,3
8391,3.0,3
51357,3.0,3
56003,3.0,3
62394,3.0,3
66066,3.0,3
69275,3.0,3
74698,3.0,3
91890,3.0,3
92198,3.0,3
92264,3.0,3
95307,3.0,3
100108,3.0,3
102905,3.0,3
104441,3.0,3
109390,3.0,3
114627,3.0,3
117545,3.0,3
120474,3.0,3
127098,3.0,3
128679,3.0,3
133798,3.0,3
142364,3.0,3
151731,3.0,3
156903,3.0,3
161650,3.0,3
169756,3.0,3
172255,3.0,3
173205,3.0,3
179815,3.0,3
183661,3.0,3
187429,3.0,3
190747,3.0,3
195745,3.0,3
196341,3.0,3
198667,3.0,3
200300,3.0,3
201304,3.0,3
135133,2.9895833333333335,48
41569,2.988095238095238,42
8965,2.9864864864864864,37
102123,2.984848484848485,33
6383,2.9814814814814814,27
91535,2.977272727272727,22
231,2.975609756097561,41
185,2.9722222222222223,18
1722,2.9722222222222223,18
45672,2.9696969696969697,33
71264,2.9696969696969697,33
173,2.9642857142857144,14
99912,2.9615384615384617,13
105213,2.9615384615384617,13
76077,2.96,25
106072,2.9596774193548385,62
3988,2.9583333333333335,36
7454,2.9565217391304346,23
78105,2.9545454545454546,22
1909,2.9545454545454546,11
160271,2.9545454545454546,11
8361,2.953846153846154,65
4270,2.95,50
158830,2.95,10
170813,2.95,10
191479,2.95,10
78772,2.9464285714285716,28
85510,2.9444444444444446,18
1974,2.9444444444444446,9
5944,2.9444444444444446,9
140711,2.9444444444444446,9
171759,2.9444444444444446,9
130490,2.9411764705882355,17
57640,2.94,25
5378,2.9380952380952383,105
4018,2.9375,40
122898,2.9375,24
200820,2.9375,24
440,2.9375,8
4020,2.9375,8
174585,2.9375,8
1590,2.933333333333333,15
3697,2.933333333333333,15
68952,2.933333333333333,15
8985,2.9285714285714284,21
79224,2.9285714285714284,21
194400,2.9285714285714284,21
3257,2.9285714285714284,7
6250,2.9285714285714284,7
42734,2.9285714285714284,7
48414,2.9285714285714284,7
67788,2.9285714285714284,7
86295,2.9285714285714284,7
194959,2.9285714285714284,7
95875,2.925,20
7439,2.923076923076923,13
79139,2.923076923076923,13
197689,2.923076923076923,13
199223,2.923076923076923,13
203222,2.9210526315789473,19
71379,2.92,25
60074,2.918032786885246,61
1991,2.9166666666666665,6
2143,2.9166666666666665,6
2699,2.9166666666666665,6
3639,2.9166666666666665,6
26547,2.9166666666666665,6
69606,2.9166666666666665,6
86835,2.9166666666666665,6
87529,2.9166666666666665,6
90524,2.9166666666666665,6
95201,2.9166666666666665,6
139415,2.9166666666666665,6
168328,2.9166666666666665,6
86880,2.9134615384615383,52
3409,2.9107142857142856,28
3717,2.9107142857142856,28
195777,2.9107142857142856,28
2100,2.909090909090909,11
91126,2.909090909090909,11
116977,2.909090909090909,11
52245,2.9,20
1687,2.9,10
32596,2.9,10
1091,2.9,5
2467,2.9,5
4210,2.9,5
5040,2.9,5
7161,2.9,5
7263,2.9,5
54771,2.9,5
74450,2.9,5
78218,2.9,5
90888,2.9,5
97836,2.9,5
104303,2.9,5
109633,2.9,5
130075,2.9,5
134881,2.9,5
140162,2.9,5
142032,2.9,5
155064,2.9,5
184017,2.9,5
200008,2.9,5
200864,2.9,5
2122,2.892857142857143,14
4247,2.892857142857143,14
186983,2.892857142857143,14
6218,2.891304347826087,23
53996,2.888888888888889,54
5449,2.888888888888889,18
5900,2.888888888888889,9
47518,2.888888888888889,9
50804,2.888888888888889,9
71254,2.888888888888889,9
74946,2.888888888888889,9
59501,2.8823529411764706,17
74530,2.880952380952381,21
74789,2.880434782608696,46
4558,2.875,12
86298,2.875,12
1373,2.875,8
4844,2.875,8
6566,2.875,8
36525,2.875,8
72294,2.875,8
80615,2.875,8
99910,2.875,8
120635,2.875,8
136016,2.875,8
202159,2.875,8
236,2.875,4
709,2.875,4
1042,2.875,4
1985,2.875,4
2046,2.875,4
2151,2.875,4
3113,2.875,4
4039,2.875,4
4161,2.875,4
4799,2.875,4
5151,2.875,4
5970,2.875,4
6800,2.875,4
8870,2.875,4
45442,2.875,4
63808,2.875,4
74948,2.875,4
82527,2.875,4
91622,2.875,4
100390,2.875,4
104312,2.875,4
116397,2.875,4
147282,2.875,4
151311,2.875,4
160567,2.875,4
179977,2.875,4
185997,2.875,4
197067,2.875,4
205072,2.875,4
206208,2.875,4
103075,2.8703703703703702,27
4015,2.869565217391304,23
192307,2.8636363636363638,22
2428,2.8636363636363638,11
3882,2.857142857142857,21
786,2.857142857142857,14
5400,2.857142857142857,14
3354,2.857142857142857,7
5505,2.857142857142857,7
6820,2.857142857142857,7
37380,2.857142857142857,7
56156,2.857142857142857,7
61248,2.857142857142857,7
90719,2.857142857142857,7
183613,2.857142857142857,7
198265,2.857142857142857,7
207830,2.857142857142857,7
110553,2.8548387096774195,31
187031,2.8548387096774195,31
55232,2.8529411764705883,17
60397,2.8518518518518516,27
53972,2.8513513513513513,37
143387,2.85,10
199910,2.85,10
7325,2.847826086956522,23
2006,2.8461538461538463,13
4643,2.8448275862068964,29
3785,2.8444444444444446,45
653,2.84375,16
3826,2.84375,16
317,2.8333333333333335,18
104074,2.8333333333333335,15
197663,2.8333333333333335,15
27808,2.8333333333333335,12
3984,2.8333333333333335,9
71205,2.8333333333333335,9
90717,2.8333333333333335,9
198129,2.8333333333333335,9
524,2.8333333333333335,6
1616,2.8333333333333335,6
3981,2.8333333333333335,6
4238,2.8333333333333335,6
33158,2.8333333333333335,6
51939,2.8333333333333335,6
61123,2.8333333333333335,6
68941,2.8333333333333335,6
86548,2.8333333333333335,6
92008,2.8333333333333335,6
114713,2.8333333333333335,6
119155,2.8333333333333335,6
131656,2.8333333333333335,6
185109,2.8333333333333335,6
516,2.8333333333333335,3
517,2.8333333333333335,3
575,2.8333333333333335,3
1984,2.8333333333333335,3
2383,2.8333333333333335,3
3070,2.8333333333333335,3
3618,2.8333333333333335,3
3791,2.8333333333333335,3
3843,2.8333333333333335,3
4207,2.8333333333333335,3
4228,2.8333333333333335,3
4291,2.8333333333333335,3
5072,2.8333333333333335,3
5410,2.8333333333333335,3
5540,2.8333333333333335,3
5577,2.8333333333333335,3
5818,2.8333333333333335,3
6229,2.8333333333333335,3
6893,2.8333333333333335,3
7307,2.8333333333333335,3
26386,2.8333333333333335,3
34143,2.8333333333333335,3
34271,2.8333333333333335,3
48059,2.8333333333333335,3
54732,2.8333333333333335,3
55257,2.8333333333333335,3
58332,2.8333333333333335,3
59143,2.8333333333333335,3
71450,2.8333333333333335,3
80590,2.8333333333333335,3
82022,2.8333333333333335,3
104078,2.8333333333333335,3
109569,2.8333333333333335,3
115534,2.8333333333333335,3
131237,2.8333333333333335,3
141402,2.8333333333333335,3
151605,2.8333333333333335,3
157122,2.8333333333333335,3
170401,2.8333333333333335,3
184089,2.8333333333333335,3
187051,2.8333333333333335,3
199095,2.8333333333333335,3
199101,2.8333333333333335,3
199307,2.8333333333333335,3
199834,2.8333333333333335,3
205076,2.8333333333333335,3
4718,2.828125,32
45501,2.8214285714285716,14
91974,2.8214285714285716,14
52722,2.8181818181818183,77
110127,2.8181818181818183,11
1320,2.8125,24
167370,2.8125,8
196887,2.8125,8
55995,2.8,15
53894,2.8,10
67408,2.8,10
143365,2.8,10
60,2.8,5
1754,2.8,5
43560,2.8,5
65685,2.8,5
95720,2.8,5
100487,2.8,5
127096,2.8,5
179133,2.8,5
203244,2.8,5
87485,2.7941176470588234,17
802,2.7916666666666665,12
191367,2.789473684210526,19
197199,2.7884615384615383,26
68319,2.787037037037037,54
93363,2.7857142857142856,14
8373,2.7857142857142856,7
103137,2.7857142857142856,7
194006,2.7857142857142856,7
216,2.78125,16
4069,2.78125,16
201749,2.7777777777777777,18
420,2.7777777777777777,9
61160,2.772727272727273,11
188309,2.772727272727273,11
6537,2.7717391304347827,46
71745,2.769230769230769,13
79134,2.769230769230769,13
45431,2.7666666666666666,15
32031,2.764705882352941,17
108945,2.763157894736842,19
69644,2.761904761904762,21
5784,2.75,14
95,2.75,12
130520,2.75,12
131013,2.75,12
152079,2.75,12
74156,2.75,10
202575,2.75,10
27482,2.75,8
166918,2.75,8
849,2.75,6
1405,2.75,6
5015,2.75,6
7367,2.75,6
47382,2.75,6
187613,2.75,6
202421,2.75,6
799,2.75,4
1999,2.75,4
2532,2.75,4
3440,2.75,4
4467,2.75,4
4990,2.75,4
5501,2.75,4
6619,2.75,4
8781,2.75,4
44004,2.75,4
59258,2.75,4
65982,2.75,4
70305,2.75,4
79879,2.75,4
85022,2.75,4
102684,2.75,4
119655,2.75,4
163056,2.75,4
194058,2.75,4
198241,2.75,4
200824,2.75,4
3624,2.74,25
4310,2.738095238095238,42
6058,2.738095238095238,21
201586,2.736842105263158,19
160080,2.735294117647059,17
2641,2.730769230769231,13
103655,2.730769230769231,13
8531,2.727272727272727,11
170827,2.727272727272727,11
94780,2.725,20
31,2.7222222222222223,9
89030,2.7222222222222223,9
134393,2.7222222222222223,9
196893,2.7222222222222223,9
103339,2.71875,16
196223,2.71875,16
743,2.7142857142857144,7
1438,2.7142857142857144,7
1680,2.7142857142857144,7
4149,2.7142857142857144,7
43928,2.7142857142857144,7
45726,2.7142857142857144,7
189893,2.7142857142857144,7
6595,2.7083333333333335,12
51077,2.7058823529411766,17
68791,2.7037037037037037,27
3755,2.7,20
98203,2.7,15
103384,2.7,10
674,2.7,5
1831,2.7,5
4748,2.7,5
7285,2.7,5
78174,2.7,5
89761,2.7,5
96815,2.7,5
139655,2.7,5
170645,2.7,5
3617,2.6923076923076925,13
7173,2.6923076923076925,13
1702,2.6875,8
4321,2.6875,8
113780,2.6875,8
135137,2.6875,8
178523,2.6875,8
45499,2.6825396825396823,63
79428,2.6818181818181817,11
53121,2.676470588235294,34
67197,2.675,20
46335,2.6666666666666665,18
6264,2.6666666666666665,15
44,2.6666666666666665,9
5504,2.6666666666666665,9
42011,2.6666666666666665,9
59037,2.6666666666666665,9
2121,2.6666666666666665,6
2986,2.6666666666666665,6
6952,2.6666666666666665,6
7007,2.6666666666666665,6
8643,2.6666666666666665,6
106785,2.6666666666666665,6
157340,2.6666666666666665,6
193954,2.6666666666666665,6
200630,2.6666666666666665,6
225,2.6666666666666665,3
234,2.6666666666666665,3
458,2.6666666666666665,3
533,2.6666666666666665,3
879,2.6666666666666665,3
931,2.6666666666666665,3
1173,2.6666666666666665,3
1626,2.6666666666666665,3
1711,2.6666666666666665,3
2064,2.6666666666666665,3
2275,2.6666666666666665,3
2408,2.6666666666666665,3
2798,2.6666666666666665,3
2808,2.6666666666666665,3
3686,2.6666666666666665,3
4293,2.6666666666666665,3
4599,2.6666666666666665,3
5048,2.6666666666666665,3
5096,2.6666666666666665,3
6006,2.6666666666666665,3
6265,2.6666666666666665,3
7101,2.6666666666666665,3
7618,2.6666666666666665,3
8939,2.6666666666666665,3
54780,2.6666666666666665,3
57772,2.6666666666666665,3
59141,2.6666666666666665,3
71500,2.6666666666666665,3
80551,2.6666666666666665,3
85394,2.6666666666666665,3
90890,2.6666666666666665,3
96691,2.6666666666666665,3
100469,2.6666666666666665,3
106195,2.6666666666666665,3
143868,2.6666666666666665,3
145935,2.6666666666666665,3
148424,2.6666666666666665,3
152063,2.6666666666666665,3
175655,2.6666666666666665,3
195001,2.6666666666666665,3
201729,2.6666666666666665,3
203322,2.6666666666666665,3
203837,2.6666666666666665,3
205763,2.6666666666666665,3
4744,2.6538461538461537,13
70336,2.6538461538461537,13
239,2.65,10
73929,2.65,10
2004,2.642857142857143,7
7376,2.642857142857143,7
94015,2.642857142857143,7
110655,2.642857142857143,7
161354,2.642857142857143,7
195823,2.642857142857143,7
56171,2.638888888888889,18
3082,2.6333333333333333,15
107348,2.6333333333333333,15
55768,2.6315789473684212,19
59615,2.630952380952381,42
58025,2.6296296296296298,27
34150,2.629032258064516,31
4890,2.625,16
1367,2.625,12
3,2.625,4
393,2.625,4
1416,2.625,4
1461,2.625,4
2107,2.625,4
2533,2.625,4
2723,2.625,4
5323,2.625,4
6887,2.625,4
7175,2.625,4
8126,2.625,4
51925,2.625,4
55241,2.625,4
84942,2.625,4
114439,2.625,4
171007,2.625,4
175475,2.625,4
185033,2.625,4
196175,2.625,4
201316,2.625,4
1917,2.62,25
54004,2.611111111111111,9
55282,2.611111111111111,9
80166,2.611111111111111,9
200814,2.611111111111111,9
175197,2.607142857142857,14
4232,2.6052631578947367,19
85131,2.6,10
95207,2.6,10
1983,2.6,5
2995,2.6,5
4941,2.6,5
35957,2.6,5
38798,2.6,5
117851,2.6,5
157224,2.6,5
160571,2.6,5
168498,2.6,5
175649,2.6,5
4388,2.590909090909091,22
42723,2.590909090909091,22
197537,2.5833333333333335,24
3157,2.5833333333333335,18
3243,2.5833333333333335,6
4248,2.5833333333333335,6
60760,2.5833333333333335,6
176935,2.5833333333333335,6
203519,2.5833333333333335,6
6503,2.575,20
8861,2.575,20
4621,2.5714285714285716,7
8526,2.5714285714285716,7
34332,2.5714285714285716,7
85397,2.5714285714285716,7
101076,2.5714285714285716,7
63992,2.57,50
8810,2.5625,24
81537,2.5625,16
83613,2.5625,16
196,2.5625,8
2724,2.5625,8
6541,2.5576923076923075,26
45666,2.5555555555555554,9
95105,2.5555555555555554,9
96110,2.5555555555555554,9
2294,2.55,20
2404,2.55,10
48322,2.55,10
62081,2.55,10
1359,2.5454545454545454,11
6615,2.5454545454545454,11
44972,2.5454545454545454,11
40339,2.5416666666666665,12
8907,2.5384615384615383,13
4367,2.537037037037037,27
135536,2.533333333333333,45
5785,2.533333333333333,15
1562,2.5185185185185186,27
136864,2.5,27
135887,2.5,24
48877,2.5,19
49649,2.5,15
43679,2.5,13
2616,2.5,10
159690,2.5,10
1882,2.5,9
135567,2.5,9
1911,2.5,8
179881,2.5,8
432,2.5,7
2042,2.5,7
33085,2.5,7
113453,2.5,7
42002,2.5,6
45732,2.5,6
70663,2.5,6
74532,2.5,6
75805,2.5,6
82852,2.5,6
112897,2.5,6
134528,2.5,6
185001,2.5,6
190949,2.5,6
315,2.5,5
2422,2.5,5
2517,2.5,5
3062,2.5,5
43936,2.5,5
45730,2.5,5
56079,2.5,5
71668,2.5,5
74851,2.5,5
93805,2.5,5
199207,2.5,5
12,2.5,4
2468,2.5,4
52241,2.5,4
86293,2.5,4
95067,2.5,4
147022,2.5,4
172455,2.5,4
7,2.5,3
468,2.5,3
2099,2.5,3
2416,2.5,3
2860,2.5,3
2935,2.5,3
3754,2.5,3
3784,2.5,3
4133,2.5,3
4254,2.5,3
4867,2.5,3
5420,2.5,3
6212,2.5,3
27899,2.5,3
48518,2.5,3
50742,2.5,3
52806,2.5,3
56633,2.5,3
62250,2.5,3
67186,2.5,3
77427,2.5,3
77798,2.5,3
83480,2.5,3
89047,2.5,3
96616,2.5,3
107702,2.5,3
114925,2.5,3
159811,2.5,3
165421,2.5,3
170285,2.5,3
177013,2.5,3
192693,2.5,3
193243,2.5,3
197881,2.5,3
87520,2.480769230769231,26
6534,2.472972972972973,37
51575,2.45,10
68793,2.4473684210526314,19
132796,2.4444444444444446,18
1920,2.4444444444444446,9
455,2.4375,8
3977,2.4305555555555554,36
60514,2.423076923076923,13
7366,2.4166666666666665,6
49013,2.4166666666666665,6
184987,2.4166666666666665,6
33646,2.411764705882353,17
76175,2.4,20
113345,2.4,15
197707,2.4,10
2456,2.4,5
6951,2.4,5
7036,2.4,5
7150,2.4,5
72407,2.388888888888889,27
65802,2.388888888888889,9
113348,2.388888888888889,9
191483,2.3846153846153846,13
92938,2.375,8
1499,2.375,4
1713,2.375,4
2053,2.375,4
42009,2.375,4
54686,2.375,4
92058,2.375,4
170629,2.375,4
175485,2.375,4
204268,2.375,4
40851,2.3636363636363638,11
55577,2.3636363636363638,11
78637,2.357142857142857,14
519,2.357142857142857,7
6888,2.3529411764705883,17
100498,2.3333333333333335,12
852,2.3333333333333335,6
2901,2.3333333333333335,6
8640,2.3333333333333335,6
58293,2.3333333333333335,6
338,2.3333333333333335,3
502,2.3333333333333335,3
3360,2.3333333333333335,3
4678,2.3333333333333335,3
5959,2.3333333333333335,3
6013,2.3333333333333335,3
6252,2.3333333333333335,3
6584,2.3333333333333335,3
7369,2.3333333333333335,3
26375,2.3333333333333335,3
32289,2.3333333333333335,3
33830,2.3333333333333335,3
53207,2.3333333333333335,3
59118,2.3333333333333335,3
85025,2.3333333333333335,3
100397,2.3333333333333335,3
102070,2.3333333333333335,3
103055,2.3333333333333335,3
114277,2.3333333333333335,3
134248,2.3333333333333335,3
157312,2.3333333333333335,3
176603,2.3333333333333335,3
178085,2.3333333333333335,3
183915,2.3333333333333335,3
185975,2.3333333333333335,3
196487,2.3333333333333335,3
198957,2.3333333333333335,3
153,2.326923076923077,26
87876,2.3157894736842106,19
47122,2.3125,8
94018,2.3125,8
112370,2.3125,8
195165,2.3125,8
200822,2.3076923076923075,13
3825,2.3043478260869565,23
33164,2.3,10
267,2.3,5
765,2.3,5
2126,2.3,5
5804,2.3,5
52644,2.3,5
56176,2.3,5
3744,2.2916666666666665,12
1591,2.2857142857142856,7
83349,2.2777777777777777,9
191469,2.2777777777777777,9
74754,2.272727272727273,11
69526,2.269230769230769,26
46965,2.2666666666666666,15
46530,2.25,14
2950,2.25,8
1681,2.25,6
101895,2.25,6
132157,2.25,6
176105,2.25,6
829,2.25,4
3997,2.25,4
7068,2.25,4
158260,2.25,4
167248,2.25,4
173139,2.25,4
194200,2.25,4
2701,2.239130434782609,23
69784,2.238095238095238,21
125916,2.235294117647059,17
49274,2.230769230769231,13
87430,2.2142857142857144,21
256,2.2142857142857144,7
60037,2.2,15
1895,2.2,5
3646,2.2,5
4368,2.2,5
51927,2.2,5
58162,2.2,5
89840,2.2,5
59900,2.1944444444444446,18
33836,2.1923076923076925,13
788,2.175,20
3979,2.1666666666666665,15
24,2.1666666666666665,3
1752,2.1666666666666665,3
2253,2.1666666666666665,3
2287,2.1666666666666665,3
3536,2.1666666666666665,3
3974,2.1666666666666665,3
4899,2.1666666666666665,3
5382,2.1666666666666665,3
6958,2.1666666666666665,3
27793,2.1666666666666665,3
37830,2.1666666666666665,3
68932,2.1666666666666665,3
86817,2.1666666666666665,3
125914,2.1666666666666665,3
126032,2.1666666666666665,3
130684,2.1666666666666665,3
160874,2.1666666666666665,3
168738,2.1666666666666665,3
169842,2.1666666666666665,3
177287,2.1666666666666665,3
182615,2.1666666666666665,3
185869,2.1666666666666665,3
200614,2.1666666666666665,3
206293,2.1666666666666665,3
53464,2.1538461538461537,26
203513,2.15,10
53993,2.142857142857143,14
8372,2.142857142857143,7
106062,2.142857142857143,7
6564,2.14,25
3821,2.125,8
5476,2.125,8
374,2.125,4
2380,2.125,4
2633,2.125,4
2642,2.125,4
3484,2.125,4
58655,2.125,4
6157,2.1176470588235294,17
1388,2.1,5
1969,2.1,5
2375,2.1,5
32017,2.1,5
112788,2.1,5
102880,2.090909090909091,11
1644,2.0833333333333335,12
355,2.0833333333333335,6
5267,2.0833333333333335,6
8967,2.0833333333333335,6
31221,2.0833333333333335,6
88356,2.0833333333333335,6
2338,2.0714285714285716,7
3615,2.0714285714285716,7
3991,2.0714285714285716,7
56801,2.0714285714285716,7
70994,2.0714285714285716,7
91104,2.066666666666667,15
122902,2.0625,16
59725,2.0,8
88932,2.0,8
167738,2.0,8
27839,2.0,7
886,2.0,6
2450,2.0,6
1760,2.0,5
89190,2.0,5
167564,2.0,5
1409,2.0,4
5796,2.0,4
47124,2.0,4
72701,2.0,4
198153,2.0,4
181,2.0,3
259,2.0,3
546,2.0,3
1731,2.0,3
3534,2.0,3
5564,2.0,3
26717,2.0,3
78034,2.0,3
82152,2.0,3
93142,2.0,3
104076,2.0,3
150258,2.0,3
193451,2.0,3
196567,2.0,3
5480,1.9285714285714286,7
2720,1.9166666666666667,6
4386,1.9,10
58315,1.9,5
59014,1.9,5
204556,1.9,5
3273,1.8928571428571428,14
78893,1.875,12
60937,1.875,8
68324,1.875,4
78467,1.875,4
90403,1.875,4
100083,1.875,4
5313,1.8333333333333333,9
65,1.8333333333333333,6
5621,1.8333333333333333,6
376,1.8333333333333333,3
762,1.8333333333333333,3
2598,1.8333333333333333,3
2828,1.8333333333333333,3
3528,1.8333333333333333,3
6014,1.8333333333333333,3
34334,1.8333333333333333,3
82095,1.8333333333333333,3
155581,1.8333333333333333,3
205205,1.8333333333333333,3
117549,1.8,5
3799,1.75,6
4340,1.75,6
4531,1.75,6
5452,1.75,6
382,1.75,4
2643,1.75,4
2805,1.75,4
27704,1.75,4
204132,1.75,4
5942,1.7142857142857142,7
345,1.7,5
91128,1.7,5
45208,1.6666666666666667,6
5523,1.6666666666666667,3
26013,1.6666666666666667,3
43558,1.6666666666666667,3
183727,1.6666666666666667,3
200324,1.6666666666666667,3
3053,1.625,4
3268,1.625,4
5106,1.625,4
5478,1.625,4
182341,1.625,4
46865,1.6,5
8666,1.55,10
91972,1.5,4
185425,1.5,4
1004,1.5,3
2036,1.5,3
2476,1.5,3
2862,1.5,3
5296,1.5,3
6063,1.5,3
34530,1.5,3
200326,1.5,3
6482,1.4285714285714286,7
7701,1.4166666666666667,6
4030,1.375,4
61401,1.375,4
93766,1.375,4
3512,1.3333333333333333,3
4775,1.3333333333333333,3
26157,1.3333333333333333,3
43932,1.3333333333333333,3
181601,1.3333333333333333,3
201016,1.3333333333333333,3
73042,1.3,5
96448,1.25,4
1707,1.1666666666666667,9
186,1.1666666666666667,3
33681,1.1666666666666667,3
50798,1.125,4
737,1.1,5
34520,1.0833333333333333,6
3593,1.0,8
57532,1.0,3
